Frequency_Hz,Magnitude,Phase_deg
0.159154943091895,0.0123012737085065,179.988904752977
0.16230271589861,0.0123012737030485,179.988685310744
0.165512745481333,0.0123012736973724,179.988461528373
0.16878626315706,0.0123012736914694,179.988233320026
0.172124524595827,0.012301273685331,179.988000598165
0.175528810302357,0.012301273678947,179.987763273522
0.179000426107251,0.0123012736723082,179.987521255063
0.182540703667875,0.012301273665404,179.987274449955
0.186151000979172,0.0123012736582242,179.987022763525
0.18983270289456,0.0123012736507575,179.986766099231
0.193587221657144,0.0123012736429926,179.986504358621
0.197415997441431,0.0123012736349174,179.986237441294
0.201320498905754,0.0123012736265197,179.985965244867
0.205302223755631,0.0123012736177865,179.985687664929
0.209362699318258,0.0123012736087044,179.985404595004
0.213503483128371,0.0123012735992597,179.985115926512
0.217726163525688,0.0123012735894374,179.984821548722
0.222032360264175,0.0123012735792229,179.984521348718
0.226423725133356,0.0123012735686003,179.984215211347
0.230901942591913,0.0123012735575534,179.983903019179
0.23546873041382,0.0123012735460653,179.983584652463
0.240125840347253,0.0123012735341182,179.983259989078
0.244875058786532,0.0123012735216937,179.982928904488
0.249718207457358,0.012301273508773,179.982591271695
0.254657144115592,0.0123012734953362,179.982246961188
0.259693763259867,0.0123012734813627,179.981895840895
0.264829996858284,0.0123012734668309,179.981537776132
0.270067815089487,0.0123012734517185,179.98117262955
0.275409227098391,0.0123012734360025,179.980800261086
0.28085628176686,0.0123012734196588,179.980420527905
0.286411068499624,0.012301273402662,179.980033284347
0.292075718025744,0.0123012733849861,179.979638381872
0.297852403215924,0.0123012733666044,179.979235669001
0.303743339915995,0.0123012733474882,179.978824991261
0.30975078779687,0.0123012733276087,179.978406191121
0.315877051221326,0.0123012733069347,179.977979107938
0.322124480127921,0.0123012732854351,179.977543577888
0.328495470932386,0.0123012732630765,179.977099433909
0.334992467446863,0.0123012732398247,179.976646505634
0.341617961817305,0.0123012732156441,179.976184619328
0.348374495479429,0.0123012731904976,179.975713597819
0.355264660133566,0.0123012731643465,179.97523326043
0.362291098738802,0.0123012731371507,179.974743422911
0.369456506526773,0.0123012731088688,179.974243897369
0.376763632035512,0.0123012730794567,179.973734492193
0.384215278163748,0.0123012730488698,179.973215011985
0.391814303246053,0.0123012730170612,179.97268525748
0.399563622149253,0.0123012729839818,179.972145025472
0.407466207390526,0.012301272949581,179.971594108738
0.415525090277615,0.0123012729138059,179.971032295954
0.423743362071588,0.012301272876602,179.970459371618
0.432124175172596,0.0123012728379115,179.969875115966
0.440670744329087,0.0123012727976756,179.969279304887
0.449386347870931,0.0123012727558323,179.968671709838
0.458274328966938,0.0123012727123177,179.968052097755
0.467338096907243,0.0123012726670645,179.967420230964
0.476581128411058,0.0123012726200037,179.966775867093
0.486006968960286,0.0123012725710632,179.966118758973
0.495619234159511,0.0123012725201673,179.965448654549
0.50542161112289,0.0123012724672385,179.964765296779
0.515417859888471,0.0123012724121951,179.96406842354
0.525611814860483,0.0123012723549531,179.963357767521
0.536007386280155,0.0123012722954243,179.962633056128
0.546608561725624,0.0123012722335176,179.961894011372
0.557419407641505,0.0123012721691378,179.961140349769
0.568444070898716,0.0123012721021863,179.960371782226
0.579686780385156,0.0123012720325602,179.959588013933
0.591151848627835,0.0123012719601526,179.958788744251
0.602843673447094,0.0123012718848526,179.957973666592
0.614766739643542,0.0123012718065449,179.957142468308
0.626925620718352,0.0123012717251087,179.956294830563
0.639324980627584,0.0123012716404192,179.955430428218
0.65196957557121,0.0123012715523469,179.954548929705
0.664864255817511,0.0123012714607562,179.953649996893
0.67801396756357,0.0123012713655069,179.95273328497
0.691423754832551,0.0123012712664525,179.951798442297
0.705098761408512,0.0123012711634411,179.950845110289
0.719044232809474,0.0123012710563147,179.94987292326
0.733265518299524,0.0123012709449092,179.948881508299
0.747768072940707,0.0123012708290529,179.947870485115
0.762557459685503,0.0123012707085688,179.946839465896
0.777639351510687,0.0123012705832716,179.945788055164
0.793019533593395,0.0123012704529691,179.944715849614
0.808703905530227,0.0123012703174613,179.943622437967
0.82469848360024,0.0123012701765404,179.94250740081
0.841009403072698,0.0123012700299903,179.941370310436
0.857642920560464,0.0123012698775856,179.940210730674
0.87460541641994,0.0123012697190932,179.939028216734
0.891903397198471,0.0123012695542689,179.937822315022
0.909543498130156,0.0123012693828607,179.936592562978
0.927532485681016,0.0123012692046053,179.935338488891
0.94587726014451,0.0123012690192289,179.934059611719
0.964584858288372,0.0123012688264475,179.932755440911
0.983662456053812,0.0123012686259647,179.931425476211
1.00311737130809,0.0123012684174733,179.930069207468
1.02295706665153,0.0123012682006534,179.928686114444
1.04318915228008,0.0123012679751719,179.927275666609
1.06382138890443,0.0123012677406832,179.925837322943
1.08486169072692,0.0123012674968274,179.924370531727
1.1063181284773,0.0123012672432302,179.922874730325
1.12819893250854,0.0123012669795025,179.921349344979
1.15051249595384,0.0123012667052397,179.91979379058
1.17326737794615,0.012301266420021,179.918207470448
1.19647230690127,0.0123012661234085,179.916589776103
1.22013618386597,0.0123012658149471,179.914940087028
1.24426808593228,0.0123012654941637,179.913257770438
1.26887726971929,0.0123012651605659,179.911542181029
1.29397317492391,0.0123012648136417,179.909792660738
1.31956542794172,0.012301264452859,179.908008538485
1.34566384555956,0.012301264077664,179.906189129917
1.37227843872105,0.0123012636874811,179.904333737149
1.39941941636667,0.0123012632817115,179.902441648492
1.42709718934971,0.0123012628597326,179.90051213818
1.45532237442976,0.012301262420897,179.898544466098
1.48410579834509,0.0123012619645313,179.896537877489
1.51345850196561,0.0123012614899348,179.894491602671
1.54339174452803,0.0123012609963799,179.892404856739
1.57391700795468,0.0123012604831087,179.890276839267
1.60504600125779,0.0123012599493341,179.888106733995
1.63679066503093,0.0123012593942367,179.885893708524
1.66916317602918,0.0123012588169648,179.883636913988
1.70217595183998,0.0123012582166325,179.881335484738
1.73584165564632,0.0123012575923187,179.878988537999
1.77017320108409,0.0123012569430657,179.876595173545
1.80518375719563,0.0123012562678768,179.874154473338
1.84088675348109,0.0123012555657163,179.871665501191
1.87729588504983,0.0123012548355066,179.869127302398
1.91442511787363,0.0123012540761274,179.866538903374
1.95228869414379,0.0123012532864131,179.863899311277
1.99090113773427,0.0123012524651525,179.861207513634
2.03027725977277,0.0123012516110849,179.858462477946
2.07043216432207,0.0123012507228999,179.855663151295
2.11138125417369,0.0123012497992348,179.852808459941
2.1531402367562,0.0123012488386721,179.849897308906
2.19572513016029,0.0123012478397381,179.846928581562
2.23915226928313,0.0123012468008998,179.843901139194
2.28343831209408,0.0123012457205632,179.840813820572
2.32860024602452,0.0123012445970709,179.837665441496
2.37465539448392,0.0123012434286986,179.83445479435
2.42162142350483,0.0123012422136535,179.831180647637
2.46951634851928,0.0123012409500716,179.827841745504
2.51835854126926,0.0123012396360136,179.824436807264
2.56816673685378,0.0123012382694634,179.8209645269
2.6189600409154,0.0123012368483242,179.817423572573
2.67075793696884,0.0123012353704152,179.813812586103
2.72358029387455,0.0123012338334691,179.810130182451
2.77744737346007,0.012301232235127,179.806374949189
2.83237983829222,0.0123012305729366,179.802545445956
2.88839875960285,0.0123012288443475,179.798640203911
2.94552562537149,0.0123012270467076,179.794657725164
3.00378234856777,0.0123012251772582,179.790596482206
3.06319127555693,0.012301223233131,179.786454917319
3.1237751946715,0.0123012212113431,179.782231441984
3.18555734495256,0.0123012191087923,179.777924436268
3.24856142506386,0.012301216922252,179.773532248209
3.31281160238228,0.0123012146483678,179.769053193172
3.37833252226804,0.0123012122836504,179.764485553213
3.44514931751828,0.0123012098244716,179.75982757642
3.51328761800759,0.0123012072670581,179.755077476233
3.58277356051925,0.012301204607486,179.750233430771
3.6536337987709,0.0123012018416743,179.745293582126
3.72589551363842,0.0123011989653797,179.740256035651
3.79958642358219,0.0123011959741886,179.735118859237
3.87473479527937,0.0123011928635115,179.729880082573
3.9513694544666,0.012301189628576,179.724537696388
4.02951979699709,0.0123011862644183,179.719089651684
4.1092158001164,0.0123011827658771,179.713533858949
4.19048803396125,0.012301179127584,179.707868187354
4.27336767328573,0.0123011753439572,179.702090463946
4.35788650941949,0.0123011714091913,179.696198472804
4.44407696246233,0.0123011673172491,179.690189954197
4.53197209372011,0.0123011630618529,179.684062603718
4.62160561838646,0.0123011586364733,179.677814071395
4.71301191847553,0.0123011540343207,179.671441960805
4.80622605601025,0.0123011492483343,179.664943828139
4.90128378647167,0.0123011442711713,179.658317181278
4.99822157251415,0.0123011390951953,179.651559478834
5.0970765979519,0.0123011337124657,179.644668129178
5.19788678202209,0.0123011281147235,179.637640489446
5.30069079393005,0.012301122293381,179.630473864533
5.40552806768221,0.0123011162395072,179.623165506051
5.51243881721235,0.0123011099438144,179.615712611287
5.62146405180704,0.0123011033966436,179.608112322125
5.73264559183614,0.0123010965879508,179.600361723952
5.84602608479447,0.01230108950729,179.592457844543
5.96164902166067,0.0123010821437991,179.584397652925
6.07955875357974,0.0123010744861813,179.576178058219
6.19980050887534,0.0123010665226888,179.567795908451
6.32242041039875,0.0123010582411056,179.559247989352
6.44746549322083,0.0123010496287265,179.550531023124
6.57498372267395,0.0123010406723399,179.541641667192
6.70502401275073,0.0123010313582065,179.532576512923
6.83763624486669,0.012301021672038,179.523332084317
6.97287128699396,0.0123010115989757,179.513904836688
7.11078101317347,0.0123010011235682,179.504291155303
7.251418323413,0.0123009902297462,179.494487353999
7.39483716397877,0.0123009789007992,179.48448967378
7.54109254808842,0.0123009671193497,179.474294281373
7.69024057701318,0.0123009548673261,179.463897267772
7.8423384615975,0.0123009421259354,179.453294646737
7.99744454420414,0.0123009288756341,179.442482353274
8.15561832109348,0.0123009150960984,179.431456242088
8.31692046524527,0.012300900766194,179.42021208599
8.48141284963192,0.0123008858639412,179.408745574293
8.6491585709519,0.0123008703664844,179.397052311161
8.82022197383272,0.0123008542500549,179.385127813934
8.99466867551251,0.012300837489935,179.372967511414
9.17256559100974,0.0123008200604209,179.360566742131
9.35398095879077,0.012300801934782,179.347920752553
9.53898436694508,0.0123007830852214,179.335024695283
9.72764677987816,0.0123007634828325,179.321873627204
9.92004056553233,0.012300743097555,179.308462507605
10.116239523146,0.0123007218981283,179.294786196248
10.3163189115617,0.0123006998520451,179.280839451425
10.5203554780946,0.0123006769254998,179.266616927948
10.7284274879711,0.0123006530833385,179.252113175124
10.9406147543506,0.0123006282890041,179.237322634679
11.15699866894,0.0123006025044804,179.22223963864
11.377662233215,0.0123005756902351,179.206858407182
11.6026900902575,0.0123005478051577,179.191173046433
11.8321685572239,0.0123005188064977,179.175177546232
12.0661856584545,0.012300488649799,179.158865777844
12.3048311592387,0.0123004572888323,179.142231491639
12.5481966002474,0.0123004246755234,179.125268314713
12.7963753326463,0.0123003907598806,179.107969748474
13.0494625539044,0.0123003554899186,179.090329166179
13.3075553443099,0.0123003188115777,179.072339810417
13.5707527042089,0.0123002806686431,179.053994790555
13.8391555919803,0.0123002410026575,179.035287080124
14.1128669627617,0.0123001997528321,179.01620951416
14.3919918079418,0.0123001568559551,178.996754786497
14.6766371954327,0.0123001122462931,178.976915447
14.9669123107405,0.0123000658554929,178.956683898756
15.2629284988461,0.0123000176124754,178.9360523952
15.5647993069161,0.012299967443329,178.915013037192
15.8726405278576,0.0122999152711947,178.893557770043
16.1865702447342,0.0122998610161514,178.87167838047
16.5067088760611,0.0122998045950924,178.849366493515
16.8331792219957,0.0122997459215985,178.826613569383
17.1661065114419,0.0122996849058087,178.803410900234
17.5056184500857,0.0122996214542799,178.779749606914
17.8518452693814,0.0122995554698478,178.755620635617
18.2049197765062,0.0122994868514774,178.731014754495
18.5649774053026,0.0122994154941096,178.705922550189
18.9321562682296,0.0122993412885015,178.680334424312
19.3065972093393,0.0122992641210601,178.654240589858
19.6884438583036,0.0122991838736703,178.627631067542
20.0778426855076,0.0122991004235145,178.600495682076
20.4749430582333,0.0122990136428869,178.57282405838
20.879897297955,0.0122989233989994,178.544605617708
21.2928607387672,0.0122988295537803,178.515829573721
21.7139917869681,0.0122987319636648,178.486484928479
22.1434519818222,0.0122986304793767,178.456560468357
22.5814060575239,0.0122985249457039,178.42604475989
23.0280220063871,0.0122984152012613,178.394926145549
23.4834711432843,0.0122983010782489,178.363192739423
23.9479281713605,0.0122981824021953,178.330832422844
24.4215712490463,0.0122980589916967,178.297832839915
24.904582058397,0.0122979306581406,178.264181392977
25.3971458747828,0.012297797205422,178.229865237972
25.8994516379575,0.0122976584296486,178.194871279748
26.411692024533,0.0122975141188303,178.15918616726
26.9340635218866,0.0122973640525634,178.122796288704
27.4667665035311,0.0122972080016959,178.085687766552
28.0100053059745,0.0122970457279844,178.047846452513
28.5639883071004,0.0122968769837355,178.009257922398
29.1289280060985,0.0122967015114337,177.969907470895
29.705041104976,0.012296519043354,177.929780106275
30.2925485916809,0.0122963293011628,177.888860544971
30.8916758248697,0.012296131995498,177.847133206109
31.5026526203514,0.012295926825539,177.804582205914
32.1257133392413,0.0122957134785541,177.761191352041
32.7610969778581,0.0122954916294352,177.716944137804
33.4090472593991,0.0122952609402129,177.67182373632
34.0698127274288,0.0122950210595515,177.625812994548
34.7436468412165,0.0122947716222271,177.578894427243
35.4308080729586,0.0122945122485848,177.531050210804
36.1315600069251,0.0122942425439743,177.482262177038
36.8461714405663,0.0122939620981659,177.432511806811
37.5749164876189,0.0122936704847415,177.381780223622
38.3180746832522,0.012293367260466,177.330048187063
39.0759310912932,0.0122930519646315,177.277296086186
39.8487764135726,0.0122927241183793,177.223503932785
40.6369071014335,0.0122923832239946,177.168651354558
41.4406254694456,0.0122920287641763,177.112717588194
42.260239811368,0.0122916602012774,177.05568147235
43.0960645184062,0.0122912769765188,176.997521440532
43.9484201998073,0.0122908785091733,176.938215513893
44.8176338058411,0.0122904641957179,176.877741293918
45.7040387532128,0.0122900334089575,176.816075955027
46.6079750529564,0.0122895854971129,176.753196237084
47.5297894408576,0.0122891197828778,176.689078437812
48.4698355104567,0.0122886355624402,176.623698405112
49.4284738486806,0.0122881321044678,176.55703152931
50.4060721741592,0.012287608649057,176.4890527353
51.4030054782759,0.0122870644066431,176.419736474615
52.4196561690087,0.0122864985568718,176.349056717405
53.4564142176158,0.0122859102474298,176.276986944353
54.5136773082225,0.0122852985928342,176.203500138492
55.5918509903666,0.0122846626731772,176.128568776974
56.6913488345608,0.0122840015328281,176.052164822751
57.812592590932,0.0122833141790886,175.974259716199
58.9560123509977,0.0122825995808014,175.894824366683
60.1220467126426,0.0122818566669094,175.813829144064
61.311142948358,0.0122810843249677,175.731243870155
62.5237571768083,0.0122802813996002,175.647037810136
63.7603545377909,0.0122794466909077,175.561179663928
65.0214093706568,0.0122785789528191,175.473637557534
66.3074053962595,0.0122776768913896,175.384379034359
67.6188359025028,0.0122767391630399,175.293371046516
68.9562039335584,0.0122757643727392,175.200579946113
70.3200224828258,0.0122747510721262,175.105971476557
71.710814689708,0.0122736977575729,175.009510763856
73.1291140402803,0.0122726028681827,174.911162307942
74.5754645719267,0.0122714647837264,174.810889974042
76.0504210820243,0.0122702818225143,174.708656984076
77.5545493407549,0.0122690522392005,174.604425908117
79.0884263081254,0.0122677742225223,174.498158655929
80.6526403552807,0.0122664458929693,174.389816468584
82.2477914901939,0.0122650653003843,174.279359910174
83.8744915878194,0.0122636304214949,174.166748859662
85.5333646247988,0.0122621391573721,174.051942502837
87.2250469188088,0.0122605893308193,173.934899324451
88.9501873726424,0.0122589786836886,173.815577100513
90.709447723118,0.0122573048741224,173.693932890782
92.5035027949108,0.0122555654737266,173.569923031475
94.3330407594057,0.0122537579646658,173.44350312822
96.1987633986685,0.012251879736689,173.314628049265
98.1013863746388,0.0122499280840812,173.183251918986
100.041639503647,0.0122479002025448,173.049328111712
102.020267036358,0.0122457931860079,172.912809245894
104.038027943258,0.0122436040233647,172.773647178655
106.095696205782,0.0122413295951455,172.631793000754
108.194061113199,0.0122389666701224,172.487197031987
110.333927565374,0.0122365119018502,172.339808817081
112.516116381512,0.0122339618251446,172.189577122091
114.741464615015,0.0122313128525044,172.036449931368
117.01082587456,0.0122285612704772,171.880374445114
119.325070651528,0.0122257032359753,171.721297077589
121.685086653917,0.012222734772548,171.559163455994
124.091779146847,0.0122196517666106,171.393918420095
126.546071299807,0.0122164499636435,171.225506022623
129.048904540771,0.0122131249643617,171.053869530509
131.601238917311,0.0122096722208666,170.878951427005
134.204053464859,0.0122060870327885,170.700693414738
136.85834658225,0.0122023645434272,170.51903641977
139.565136414689,0.0121984997359034,170.333920596705
142.325461244298,0.0121944874293331,170.145285334908
145.140379888384,0.0121903222750341,169.953069265913
148.010972105586,0.0121859987527835,169.757210272054
150.938339010052,0.012181511167141,169.557645496418
153.923603493808,0.0121768536438503,169.354311354156
156.967910657485,0.0121720201263416,169.147143545244
160.07242824956,0.0121670043723557,168.936077068752
163.238347114284,0.0121617999507051,168.721046238684
166.466881648475,0.0121564002382052,168.501984701477
169.759270267339,0.0121507984167895,168.278825455222
173.116775879506,0.0121449874708465,168.051500870667
176.540686371466,0.0121389601848005,167.81994271409
180.032315101576,0.0121327091409708,167.584082172109
183.593001403851,0.0121262267177409,167.343849878481
187.224111101703,0.0121195050880777,167.099175942981
190.927037031858,0.012112536218432,166.84998998241
194.703199578618,0.0121053118680696,166.596221153792
198.554047218707,0.012097823588869,166.337798189833
202.481057076876,0.0120900627256367,166.074649436677
206.485735492509,0.0120820204169864,165.806702894018
210.56961859743,0.0120736875968352,165.533886257608
214.734272905142,0.0120650549965699,165.256126964186
218.98129591171,0.0120561131479424,164.973352238866
223.312316708544,0.0120468523867517,164.685489144985
227.728996607287,0.0120372628573796,164.392464636433
232.23302977707,0.0120273345182419,164.094205612425
236.826143894368,0.0120170571482268,163.790638974725
241.510100805712,0.0120064203541904,163.481691687261
246.286697203501,0.0119954135795856,163.167290838075
251.157765315191,0.011984026114297,162.84736370353
256.125173606103,0.0119722471057666,162.521837814676
261.190827496141,0.0119600655714869,162.190641025651
266.35667009068,0.0119474704129472,161.853701583944
271.624682925911,0.0119344504311169,161.510948202371
276.996886728924,0.0119209943435533,161.162310132509
282.475342192833,0.0119070908032193,160.807717239375
288.06215076722,0.011892728419101,160.447100077034
293.759455464223,0.0118778957787119,160.080389964808
299.569441680558,0.0118625814725704,159.707519063729
305.494338035805,0.0118467741207394,159.328420452786
311.53641722727,0.0118304624015106,158.943028204499
317.697996901758,0.011813635082315,158.5512774593
323.981440544583,0.0117962810529426,158.153104498109
330.389158386169,0.0117783893611428,157.74844681246
336.923608326569,0.0117599492506754,157.337243171446
343.587296878285,0.0117409502018801,156.919433684704
350.382780127721,0.0117213819748182,156.494959860539
357.312664715662,0.0117012346550388,156.063764658265
364.379608837134,0.011680498702009,155.625792533703
371.586323261056,0.0116591650002383,155.180989476725
378.935572370038,0.0116372249131181,154.72930303961
386.430175220761,0.0116146703394829,154.270682354904
394.073006625322,0.0115914937728868,153.805078141354
401.866998253965,0.0115676883635751,153.332442696385
409.815139759626,0.0115432479831133,152.852729873489
417.920479924715,0.0115181672916227,152.365895042763
426.186127830583,0.0114924418075503,151.871895032696
434.615254050115,0.0114660679798844,151.370688051224
443.211091863913,0.0114390432627057,150.862233583906
451.976938500533,0.0114113661919487,150.346492266933
460.916156401246,0.0113830364642207,149.823425732553
470.032174509823,0.01135405501751,149.292996424355
479.328489587819,0.0113244241135923,148.755167379683
488.808667555882,0.0112941474219188,148.209901976272
498.476344861577,0.0112632301047587,147.657163640089
508.335229874276,0.0112316789033341,147.096915511098
518.389104307628,0.0111995022246763,146.529120063552
528.641824670165,0.0111667102289062,145.953738677169
539.097323744597,0.0111333149166246,145.37073115536
549.75961209637,0.011099330216081,144.780055186412
560.632779612051,0.0110647720697674,144.181665743334
571.720997068147,0.0110296585200736,143.575514417749
583.02851773095,0.0109940097936199,142.961548682961
594.55967898802,0.0109578483838697,142.339711080993
606.318904011943,0.01092119913161,141.709938328027
618.310703456989,0.010884089302871,141.07216033231
630.539677189327,0.010846548663845,140.426299118141
643.010516051461,0.0108086095523386,139.772267649071
655.728003661566,0.0107703069452821,139.109968542941
668.69701824841,0.0107316785217875,138.439292670734
681.92253452256,0.0106927647212191,137.760117630591
695.409625584611,0.010653608795702,137.072306087572
709.163464871141,0.0106142568564412,136.375703968905
723.189328139162,0.0105747579131645,135.670138503514
737.492595489824,0.0105351639059101,134.955416093601
752.078753432123,0.010495529728284,134.231320004827
766.953396987457,0.0104559132411675,133.497607860398
782.122231835775,0.0104163752756856,132.754008922843
797.591076504193,0.0103769796240296,132.000221145736
813.365864598889,0.0103377930164496,131.235907975767
829.452647081139,0.0102988850823943,130.460694883708
845.857594588372,0.0102603282933472,129.674165600646
862.586999801132,0.0102221978843842,128.875858033605
879.64727985685,0.0101845717508242,128.065259832222
897.044978811352,0.0101475303155535,127.241803575586
914.786770149066,0.010111156361624,126.404861545609
932.879459342858,0.0100755348235334,125.553740050611
951.32998646451,0.0100407525291465,124.687673260113
970.145428846818,0.0100068978824522,123.805816509204
989.333003798348,0.00997406047521348,122.907239028749
1008.90007137189,0.00994233061298431,121.990916055949
1028.85413718763,0.00991179873785699,121.05572027907
1049.20285531224,0.00988255472655483,120.100412570661
1069.9540311948,0.0098546870380048,119.12363196611
1091.11562466089,0.00982828167916758,118.123884849507
1112.69575296583,0.00980342095155016,117.099533317794
1134.70269390834,0.00978018193331646,116.048782708129
1157.14488900578,0.00975863464311446,114.969668294462
1180.03094673217,0.00973883982153414,113.860041189491
1203.36964582027,0.00972084625439917,112.717553530688
1227.16993862897,0.00970468754890915,111.539643087651
1251.44095457726,0.00969037825911449,110.323517507669
1276.19200364617,0.00967790924172022,109.066138522903
1301.43257994989,0.00966724210752967,107.764206583697
1327.17236537756,0.00965830261926211,106.41414656697
1353.42123330713,0.00965097287513285,105.012095446788
1380.18925239262,0.00964508211275124,103.55389311789
1407.48669042628,0.00964039597446005,102.035077943858
1435.32401827715,0.0096366041002236,100.450889071201
1463.71191390757,0.00963330596736967,98.7962781162286
1492.661266469,0.00962999499095689,97.0659334930338
1522.18318047901,0.00962604105106018,95.2543213936342
1552.28898008074,0.00962067184397293,93.3557482168831
1582.9902133867,0.00961295378537435,91.3644499956466
1614.29865690841,0.00960177364552912,89.2747149633781
1646.22632007372,0.00958582268193415,87.0810456316317
1678.78544983341,0.00956358574636945,84.778366332739
1711.98853535896,0.009533338637786,82.3622807397692
1745.84831283316,0.00949315774934565,79.8293809627408
1780.37777033553,0.00944094663757908,77.1776049863571
1815.59015282437,0.00937448425254575,74.4066321400475
1851.49896721727,0.00929149885926679,71.5182969941584
1888.11798757218,0.00918976978219799,68.5169911853013
1925.46126037091,0.00906725575094567,65.4100116901654
1963.54310990717,0.00892224384430328,62.2078054795897
2002.3781437811,0.00875350734397187,58.9240575450151
2041.98125850255,0.00856045535300456,55.5755752835913
2082.36764520512,0.00834325344227284,52.1819392531863
2123.55279547328,0.00810289456830392,48.7649178840005
2165.55250728463,0.00784120414536071,45.347677904899
2208.38289106987,0.00756077223888052,41.9538559028039
2252.06037589238,0.00726481758494246,38.6065811778145
2296.60171575022,0.00695699958496891,35.3275490625588
2342.02399600274,0.00664120251379642,32.1362345448489
2388.34463992413,0.00632131891107293,29.0493110571654
2435.58141538687,0.00600105627029165,26.0803055523416
2483.75244167705,0.00568378414411419,23.2394868775334
2532.87619644481,0.00537243001197791,20.5339570501207
2582.97152279192,0.00506942402012061,17.9678982196568
2634.05763649978,0.00477668656731304,15.5429222921029
2686.15413340033,0.00449564925319649,13.2584732654648
2739.28099689258,0.00422729870341931,11.1122409844123
2793.45860560807,0.00397223356120511,9.10055602279276
2848.70774122767,0.00373072670946096,7.21874627548583
2905.04959645323,0.00350278690323622,5.46144510115681
2962.50578313661,0.00328821600424312,3.82284789018357
3021.09834056983,0.00308665968104364,2.29691872759953
3080.84974393884,0.00289765069257837,0.877551703250341
3141.78291294474,0.00272064472920198,-0.441307158843339
3203.92122059541,0.00255504931233719,-1.66557097740117
3267.28850217096,0.00240024653293557,-2.80094996183144
3331.90906436667,0.00225561051625187,-3.85291069196445
3397.80769461658,0.00212052049814598,-4.82665194497135
3465.00967060161,0.00199437033260016,-5.7270930700856
3533.54076994562,0.00187657515358416,-6.55887165345448
3603.4272801034,0.00176657580767694,-7.32634787526477
3674.69600844402,0.00166384156949177,-8.03361352532968
3747.37429253377,0.00156787155669938,-8.68450411126986
3821.49001062246,0.00147819517830337,-9.28261287308258
3897.07159233696,0.00139437187948281,-9.83130582044144
3974.14802958651,0.00131599038817049,-10.3337371462853
4052.74888768343,0.00124266762132089,-10.7928645541718
4132.90431668401,0.00117404737102681,-11.2114641773411
4214.6450629535,0.00110979886075087,-11.5921448738169
4298.00248096004,0.00104961523853216,-11.9373617611874
4383.00854530167,0.000993212055873546,-12.2494289132886
4469.69586297128,0.00094032576705226,-12.5305311834741
4558.09768586423,0.000890712272950598,-12.7827351494854
4648.2479235331,0.000844145525458756,-13.007999196008
4740.18115619504,0.000800416202480825,-13.2081827651936
4833.93264799605,0.000759330459120799,-13.3850548145531
4929.53836053787,0.000720708757373013,-13.5403015269463
5027.03496667215,0.000684384774309061,-13.6755333200855
5126.45986456776,0.000650204387116562,-13.7922912037121
5227.85119205599,0.000618024732234916,-13.8920525319908
5331.24784125966,0.000587713335114371,-13.9762361971931
5436.6894735116,0.000559147306697249,-14.0462073086848
5544.21653456799,0.000532212602505148,-14.103281398793
5653.87027012287,0.000506803340154111,-14.148728194568
5765.69274162919,0.000482821171166928,-14.1837749918237
5879.72684243304,0.000460174703073014,-14.2096096651734
5996.01631422679,0.000438778967957666,-14.2273833453252
6114.60576382773,0.000418554933823987,-14.2382127924335
6235.54068028863,0.000399429055349701,-14.2431824920515
6358.86745234647,0.000381332860846736,-14.2433464981127
6484.6333862166,0.000364202572456975,-14.2397300454105
6612.8867237385,0.000347978756838347,-14.2333309522156
6743.67666088076,0.000332606003807357,-14.2251208320283
6877.05336661171,0.000318032630606047,-14.2160461319291
7013.06800214362,0.00030421040965108,-14.2070290136054
7151.77274055719,0.000291094317800353,-14.198968091864
7293.22078681439,0.000278642305337418,-14.1927390442844
7437.46639816713,0.00026681508302682,-14.1891951046235
7584.56490496929,0.000255575925734187,-14.1891674516256
7734.57273190082,0.000244890491234331,-14.1934655040158
7887.5474196111,0.00023472665294937,-14.2028771316769
8043.5476467909,0.000225054345467447,-14.2181687922845
8202.63325268037,0.000215845421792017,-14.2400856020146
8364.86526002263,0.000207073521362254,-14.2693513483462
8530.30589847096,0.000198713947967926,-14.3066684524245
8699.01862845922,0.000190743556757353,-14.3527178879521
8871.06816554434,0.000183140649605851,-14.4081590631183
9046.52050522998,0.000175884878174578,-14.4736296716336
9225.44294828164,0.000168957154046662,-14.549745518564
9407.90412654191,0.000162339565379429,-14.6371003262845
9593.97402925684,0.000156015299558763,-14.7362655255318
9783.72402992241,0.000149968571384728,-14.8477900362235
9977.22691366262,0.000144184556356793,-14.9722000424259
10174.5569051484,0.000138649328662784,-15.1099987655589
10375.7896970693,0.000133349803508301,-15.2616662396879
10581.0024791679,0.000128273683453109,-15.4276590924993
10790.2739678484,0.0001234094084482,-15.6084103353209
11003.6844363714,0.000118746109292008,-15.8043291653578
11221.3157456451,0.000114273564247027,-16.0158007830699
11443.2513756262,0.000109982158578755,-16.2431862274682
11669.576457341,0.000105862846797985,-16.486822231877
11900.3778055409,0.000101907117404792,-16.7470211025694
12135.7439520029,9.81069599486061e-05,-17.024070622491
12375.7651794888,9.44548342333645e-05,-17.3182339821324
12620.5335563766,9.09436415102101e-05,-17.6297497394567
12870.1429719764,8.75666975125937e-05,-17.9588318106271
13124.6891725448,8.4317707199979e-05,-18.3056694931457
13384.2697980115,8.11907410868833e-05,-18.6704275228522
13648.9844194329,7.81802130435943e-05,-19.0532461661071
13918.9345771855,7.52808594638613e-05,-19.4542413483246
14194.2238199154,7.24877197030463e-05,-19.8735048198981
14474.9577442583,6.97961176978421e-05,-20.3111043604021
14761.2440353438,6.72016446856804e-05,-20.767084021824
15053.1925081029,6.47001429484313e-05,-21.2414644114302
15350.9151493902,6.22876905110339e-05,-21.7342430147297
15654.5261609409,5.99605867312142e-05,-22.2453945588349
15964.1420031768,5.77153387216294e-05,-22.774871416384
16279.8814398786,5.55486485504982e-05,-23.3226040500173
16601.8655837414,5.34574011712038e-05,-23.8885014972451
16930.2179428325,5.14386530353966e-05,-24.4724518953775
17265.0644679664,4.94896213478889e-05,-25.0743230460175
17606.5336010177,4.76076739250903e-05,-25.6939630184459
17954.75632419,4.57903196218997e-05,-26.3312007910419
18309.8662102577,4.40351992949132e-05,-26.9858469297217
18671.999473803,4.23400772724601e-05,-27.6576943021774
19041.2950234654,4.07028333044412e-05,-28.346518826525
19417.8945152254,3.91214549671492e-05,-29.052080252797
19801.9424067407,3.7594030500282e-05,-29.7741229755139
20193.5860127584,3.61187420551597e-05,-30.5123768754215
20592.9755616229,3.46938593347992e-05,-31.2665581882784
21000.2642529001,3.33177336079486e-05,-32.0363703984368
21415.6083161438,3.19887920804655e-05,-32.8215051547888
21839.1670708215,3.07055326085671e-05,-33.6216432064982
22271.1029874279,2.94665187394509e-05,-34.4364553558176
22711.5817498052,2.82703750656512e-05,-35.2656034251428
23160.7723186978,2.71157828802054e-05,-36.1087412353593
23618.8469965619,2.60014761203322e-05,-36.9655155924385
24085.9814936588,2.49262375878211e-05,-37.8355672791552
24562.3549954545,2.38888954347527e-05,-38.7185320487462
25048.1502313518,2.28883199035065e-05,-39.6140416172764
25543.5535447835,2.19234203102686e-05,-40.5217246514649
26048.7549646897,2.09931422614671e-05,-41.4412077487201
26563.9482784109,2.00964650927024e-05,-42.3721164061426
27089.331106021,1.92323995198702e-05,-43.3140759753013
27625.1049761319,1.83999854922435e-05,-44.2667125996488
28171.4754031961,1.75982902373581e-05,-45.2296541315112
28728.6519663393,1.68264064875892e-05,-46.2025310256964
29296.8483897517,1.60834508783614e-05,-47.1849772068794
29876.2826246685,1.53685625079849e-05,-48.1766309080593
30467.1769329738,1.46809016491723e-05,-49.1771354775358
31069.7579724555,1.4019648602375e-05,-50.1861401520137
31684.2568837488,1.33840026811686e-05,-51.2033007936477
32310.9093789969,1.27731813200514e-05,-52.2282805890001
32949.9558322679,1.2186419295161e-05,-53.2607507081167
33601.6413717574,1.16229680486048e-05,-54.3003909221296
34266.2159738161,1.10820951073044e-05,-55.3468901780074
34943.9345588375,1.05630835875014e-05,-56.3999471293045
35635.05708904,1.0065231776343e-05,-57.4592706219902
36339.8486681859,9.58785278227128e-06,-58.5245801346546
37058.5796432695,9.13027424626818e-06,-59.5956061726208
37791.5257082196,8.69183810636599e-06,-60.6720906157192
38538.9680096497,8.27190040821289e-06,-61.7537870196805
39301.1932547026,7.86983115487817e-06,-62.8404608713368
40078.4938210266,7.48501418949989e-06,-63.9318897980028
40871.1678689262,7.11684710480239e-06,-65.0278637316192
41679.5194557331,6.76474117394542e-06,-66.1281850284082
42503.858652436,6.42812129761001e-06,-67.2326685449741
43344.5016626209,6.10642596266302e-06,-68.3411416719395
44201.7709437604,5.79910720818541e-06,-69.4534443263449
45075.995330904,5.50563059507753e-06,-70.5694289041848
45967.510162814,5.22547517588147e-06,-71.6889601945709
46876.6574105958,4.95813346186972e-06,-72.8119152571061
47803.7858088734,4.70311138484595e-06,-73.9381832641705
48749.2509895576,4.4599282514838e-06,-75.0676653098718
49713.4156182618,4.22811668838769e-06,-76.2002741875062
50696.6495334138,4.00722257640142e-06,-77.3359341374068
51699.3298881213,3.7968049730044e-06,-78.4745805671209
52721.8412948404,3.59643602193288e-06,-79.6161597458694
53764.5759729081,3.40570084943078e-06,-80.7606284752798
54827.9338989911,3.22419744678426e-06,-81.907953738387
55912.3229605103,3.0515365390149e-06,-83.0581123289052
57018.1591121008,2.88734143980658e-06,-84.2110904627648
58145.8665351643,2.73124789291682e-06,-85.3668833739053
59295.8778005798,2.58290390047643e-06,-86.5254948962998
60468.6340346299,2.44196953871418e-06,-87.6869370341512
61664.5850882111,2.30811676175327e-06,-88.8512295222019
62884.1897093878,2.18102919421985e-06,-90.0183993780406
64127.9157193629,2.06040191347596e-06,-91.1884804482878
65396.240191925,1.94594122234772e-06,-92.3615129504877
66689.6496364474,1.8373644132599e-06,-93.5375430125097
68008.6401845056,1.73439952471576e-06,-94.7166222112307
69353.7177801841,1.63678509107549e-06,-95.8988071122229
70725.3983741508,1.5442698865892e-06,-97.0841588121487
72124.2081215655,1.45661266463417e-06,-98.2727424855195
73550.6835839067,1.37358189308889e-06,-99.4646269374368
75005.3719347863,1.29495548675437e-06,-100.65988416391
76488.8311698382,1.22052053770162e-06,-101.858588921291
78001.6303207559,1.15007304438999e-06,-103.060818306339
79544.3496735647,1.08341764036062e-06,-104.266651348381
81117.5809912102,1.02036732326592e-06,-105.47616861501
82721.9277405482,9.60743184950689e-07,-106.689451832688
84358.0053238274,9.04374143251697e-07,-107.906583523608
86026.4413147452,8.51096676134953e-07,-109.127646660105
87727.875699178,8.00754558739147e-07,-110.352724337838
89462.9611206673,7.53198603845369e-07,-111.581899468939
91232.363130765,7.08286406243447e-07,-112.815254496244
93036.7604443282,6.65882091417675e-07,-114.052871129623
94876.8451998632,6.25856068927544e-07,-115.294830105417
96753.32322502,5.88084790813763e-07,-116.541210969827
98666.9143073345,5.52450515316352e-07,-117.792091887068
100618.352470331,5.18841076149601e-07,-119.047549472961
102608.386255079,4.8714965753945e-07,-120.307658654528
104637.779007324,4.57274575190907e-07,-121.572492556066
106707.309170293,4.29119063318318e-07,-122.842122411986
108817.770583294,4.02591067838078e-07,-124.116617506596
110969.972786223,3.77603045792811e-07,-125.396045140855
113164.741330085,3.54071771047759e-07,-126.680470625923
115402.918093669,3.31918146273797e-07,-127.969957303181
117685.361606472,3.11067021207893e-07,-129.264566590186
120012.947378027,2.91447017159751e-07,-130.564358051828
122386.568233724,2.72990357714035e-07,-131.869389495734
124807.134657293,2.55632705559619e-07,-133.17971709072
127275.575140045,2.39313005361798e-07,-134.495395506873
129792.836537031,2.23973332579356e-07,-135.816478075549
132359.884430239,2.09558748116229e-07,-137.143016967327
134977.703498973,1.96017158687025e-07,-138.475063385647
137647.297897568,1.83299182766562e-07,-139.812667773553
140369.691640561,1.71358021986166e-07,-141.155880030627
143145.928995488,1.6014933783314e-07,-142.504749736867
145977.074883453,1.4963113350497e-07,-143.859326379822
148864.215287609,1.3976364076597e-07,-145.219659580947
151808.45766973,1.30509211651389e-07,-146.585799316634
154810.931395011,1.21832214862233e-07,-147.957796128917
157872.788165279,1.13698936693185e-07,-149.335701320227
160995.202460761,1.06077486336003e-07,-150.719567126033
164179.371990606,9.89377054013593e-08,-152.109446858413
167426.5181523,9.2251081503524e-08,-153.505395012851
170737.886500178,8.59906657540485e-08,-154.907467329585
174114.747223195,8.01309940131419e-08,-156.315720799785
177558.395632159,7.4648011750143e-08,-157.730213605552
181070.152656583,6.95190023677807e-08,-159.151004981274
184651.365351378,6.47225188483839e-08,-160.57815498213
188303.40741356,6.02383185839892e-08,-162.01172414345
192027.679709179,5.60473012562819e-08,-163.451773012215
195825.610810672,5.21314496364092e-08,-164.898361529008
199698.657544836,4.84737731789943e-08,-166.351548235244
203648.305551647,4.50582542889432e-08,-167.811389276262
207676.069854128,4.18697971440315e-08,-169.277937165767
211783.495439488,3.889417896058e-08,-170.751239270952
215972.157851754,3.61180035938597e-08,-172.231335970173
220243.663796126,3.35286573691381e-08,-173.718258425939
224599.651755283,3.11142670434615e-08,-175.212025904944
229041.792617879,2.88636598023809e-08,-176.712642563285
233571.790319474,2.67663251997973e-08,-178.220093598399
238191.382496129,2.48123789529991e-08,-179.734340648756
242902.341150942,2.29925285086785e-08,-181.255316297011
247706.473333759,2.12980402993474e-08,-182.782917500869
252605.621834331,1.97207086130408e-08,-184.316997736638
257601.665889175,1.82528260025562e-08,-185.857357591347
262696.521902425,1.68871551637156e-08,-187.403733477301
267892.144180933,1.56169022152776e-08,-188.955784064588
273190.525683908,1.44356913162e-08,-190.513073927122
278593.698787387,1.33375405589742e-08,-192.075053769873
284103.73606382,1.23168390808154e-08,-193.641036439737
289722.751077079,1.13683253376128e-08,-195.210167708062
295452.899193184,1.04870664888842e-08,-196.781390532096
301296.378407073,9.66843884564305e-09,-198.353401132297
307255.430185715,8.9081093373164e-09,-199.924594729877
313332.340327899,8.20201795894571e-09,-201.492998127856
319529.439841038,7.54636116632036e-09,-203.056185423521
325849.105835298,6.93757619512674e-09,-204.611171915256
332293.762435429,6.37232629164104e-09,-206.15427957385
338865.881710613,5.84748685853472e-09,-207.680965083374
345567.984622718,5.3601325423494e-09,-209.185598115263
352402.641993293,4.9075253228829e-09,-210.661172723187
359372.4754897,4.4871037149576e-09,-212.098927837588
366480.158630745,4.09647326925332e-09,-213.487842724011
373728.41781219,3.73339867640384e-09,-214.813958283129
381120.033352566,3.39579796274053e-09,-216.059452614931
388657.840559652,3.08173955954708e-09,-217.201365290287
396344.730818056,2.78944350319143e-09,-218.209813002712
404183.65269831,2.51728880687331e-09,-219.045460305621
412177.613087889,2.26383035569504e-09,-219.655889897156
420329.678344608,2.02783089928265e-09,-219.970342833534
428642.975472829,1.80831750889295e-09,-219.892067220378
437120.693322935,1.604678289526e-09,-219.287284046788
445766.08381451,1.41682559047353e-09,-217.969845101055
454582.463183745,1.24546693511697e-09,-215.682076746596
463573.213255471,1.09253781568999e-09,-212.078301132025
472741.782740393,9.61825396500548e-10,-206.736047849065
482091.68855795,8.59628844058215e-10,-199.261333971948
491626.517185356,7.94744579970587e-10,-189.58929464656
501349.926033313,7.76376985130888e-10,-178.425321745719
511265.644848936,8.0978311939875e-10,-167.288908339701
521377.477146434,8.93482028495724e-10,-157.717813563493
531689.30166606,1.0215716016019e-09,-150.450230125706
542205.073861959,1.18820698795553e-09,-145.441336686392
552928.827419395,1.39016881159274e-09,-142.302674589107
563864.675802026,1.62734299237462e-09,-140.610788160243
575016.813829757,1.90244545684558e-09,-140.01776879738
586389.519287808,2.2207720867717e-09,-140.26443909131
597987.154567604,2.59020221077351e-09,-141.164373542989
609814.168340123,3.02149071125498e-09,-142.584801454229
621875.097262337,3.5288632170381e-09,-144.431259822185
634174.567717394,4.13096240518796e-09,-146.636596346696
646717.297589242,4.85224663693127e-09,-149.153418163804
659508.098072315,5.72501486149375e-09,-151.948995185282
672551.875517049,6.79233767843179e-09,-155.001856393065
685853.633311873,8.11233884467695e-09,-158.299554457527
699418.473802431,9.76453752545535e-09,-161.837255038738
713251.600248763,1.18594056049189e-08,-165.616934522729
727358.318821193,1.4553056341759e-08,-169.647059018258
741744.040635696,1.80703256020534e-08,-173.942682706165
756414.283829507,2.27419540812016e-08,-178.525956882912
771374.675677811,2.90661840749207e-08,-183.427092686197
786630.954752252,3.78140845233317e-08,-188.685882300392
802188.973122183,5.02162802101225e-08,-194.353973293247
818054.698599413,6.83081184478766e-08,-200.498242389772
834234.217027371,9.5599638569088e-08,-207.205900669977
850733.734615546,1.38453591570677e-07,-214.59254867057
867559.580320074,2.09125299300016e-07,-222.815695413066
884718.208271451,3.33072322021036e-07,-232.099314346213
902216.200250211,5.68550860430209e-07,-242.782705691537
920060.268211613,1.06712177056371e-06,-255.427490305798
938257.256860233,2.29969602801585e-06,-271.073370619731
956814.146275486,6.1655464473645e-06,-291.866692589408
975738.054589076,2.45363277810475e-05,-321.837751921236
995036.240715398,0.000707623721033822,-346.409724922838
1014716.10713595,6.760110419297e-05,-740.694569587305
1034785.2027388,1.06818222480796e-05,-776.154579030369
1055251.22571423,3.15536297323705e-06,-802.359265957624
1076122.02650763,1.23841339400544e-06,-821.564047700467
1097405.61083081,5.75624498264594e-07,-836.96984675869
1119110.14273287,2.98870083160321e-07,-850.062605734006
1141243.94773181,1.67727337771579e-07,-861.582890014094
1163815.51600804,9.97232520117314e-08,-871.951691755546
1186833.50566109,6.19963760909907e-08,-881.437327747388
1210306.74603077,3.99337325649569e-08,-890.224078388833
1234244.24108387,2.6470757991178e-08,-898.44194343163
1258655.17286803,1.79600341546722e-08,-906.179122101062
1283548.90503377,1.24153907507512e-08,-913.484574889021
1308934.9864263,8.70629058122758e-09,-920.361530691576
1334823.15474823,6.1644849003872e-09,-926.747625572811
1361223.34029485,4.3818547155355e-09,-932.468468760541
1388145.66976326,3.102182835354e-09,-937.128292421131
1415600.47013673,2.16210983274707e-09,-939.829673565803
1443598.27264605,1.46208736804408e-09,-938.377043341614
1472149.81680909,9.69415308248683e-10,-927.138293822243
1501266.05455036,7.76317449642606e-10,-898.523068246068
1530958.15440194,1.01125645872527e-09,-870.883630139166
1561237.5057876,1.56748973389253e-09,-860.902943677827
1592115.72339158,2.39709326106311e-09,-860.638653226953
1623604.65161382,3.60798618625918e-09,-864.723441347646
1655716.36911325,5.45003384760183e-09,-871.098466575614
1688463.19344102,8.40381642262396e-09,-878.966803959615
1721857.68576529,1.34254466356954e-08,-888.054432729282
1755912.6556895,2.25600892694872e-08,-898.365705397994
1790641.16616595,4.06186662647686e-08,-910.115795704296
1826056.53850651,8.04162845730434e-08,-923.755198828576
1862172.35749251,1.82477142047425e-07,-940.0977085358
1899002.47658561,5.1260909415228e-07,-960.710808033081
1936561.0232418,2.12614791267114e-06,-989.457193435766
1974862.40433044,2.27100784422783e-05,-1040.22165023318
2013921.31166054,7.52560534332688e-05,-1459.45781793662
2053752.7276163,3.40779517893208e-06,-1520.74773329158
2094371.93090408,6.36532735471055e-07,-1554.95601929683
2135794.50241315,1.92013852882619e-07,-1578.88651554456
2178036.3311922,7.39235781036856e-08,-1597.92484675833
2221113.62054415,3.30289791021546e-08,-1614.01838289767
2265042.89424151,1.62989852731853e-08,-1628.10773504148
2309841.00286461,8.59958196694728e-09,-1640.59614035034
2355525.13026526,4.71432089166644e-09,-1651.31405298101
2402112.80015811,2.58680477551699e-09,-1658.84566814119
2449621.8828426,1.33935769889123e-09,-1657.10161481489
2498070.60205764,7.76892477666648e-10,-1622.24945488611
2547477.54197197,1.28366081035698e-09,-1583.68429607931
2597861.65431277,2.58593711734979e-09,-1581.15177128249
2649242.26563522,5.01262843992565e-09,-1589.68824827044
2701639.0847359,1.00701196797171e-08,-1602.43245355842
2755072.21021274,2.22592516543685e-08,-1618.09778875664
2809562.13817455,5.77917002426752e-08,-1637.16030392987
2865129.77010297,1.96551521231286e-07,-1661.5792209118
2921796.42087002,1.14105979011672e-06,-1696.78019112451
2979583.82691408,3.53150857716548e-05,-1769.06742726252
3038514.15457768,8.28542267185908e-06,-2221.71813459837
3098610.00861015,5.5347070687174e-07,-2277.75517985231
3159894.44083846,1.0869099423485e-07,-2310.2341110102
3222390.95900954,3.23114120107384e-08,-2334.45741512935
3286123.53580745,1.19656777925909e-08,-2354.20830471614
3351116.618049,4.98949669672397e-09,-2370.38830426701
3417395.13606105,2.11031544016803e-09,-2379.89727975491
3484984.51324351,8.35400258732775e-10,-2356.52598713097
3553910.67582129,1.41018184028145e-09,-2302.09568691559
3624200.0627892,3.63562263426765e-09,-2304.82546983007
3695879.63605356,9.29924736631951e-09,-2320.89796187132
3768976.89077434,2.79229931020559e-08,-2342.62523787948
3843519.86591187,1.1731326755769e-07,-2371.28841612358
3919537.15498217,1.04603170812687e-06,-2415.02477691895
3997057.91702496,0.00336249711673365,-2524.38843464473
4076111.88778859,1.23891263607082e-06,-2981.55588925914
4156729.39113625,1.16656171443719e-07,-3028.82360573938
4238941.35067767,2.45114686471664e-08,-3059.97802606202
4322779.30163102,7.22617047908245e-09,-3083.86087174802
4408275.40291922,2.38468300242955e-09,-3099.39148961195
4495462.44950567,7.81456721761922e-10,-3065.26595527845
4584373.88497387,2.16136236457064e-09,-3020.16924296085
4675043.81435582,7.02017630466655e-09,-3035.60607381297
4767507.01721426,2.72487878987194e-08,-3062.13684817435
4861798.96098344,1.80789490132766e-07,-3099.91243886943
4957955.81457397,6.61313720634122e-06,-3173.38105394244
5056014.46224661,3.03588333234977e-06,-3683.16543840533
5156012.51776051,1.18558254277321e-07,-3748.50105025274
5257988.33880124,1.81447102242556e-08,-3785.97557846463
5361981.04169419,4.33950241014588e-09,-3812.61819169789
5468030.51640901,1.02557084006233e-09,-3809.71270288043
5576177.44186075,1.93311059066648e-09,-3740.00807225203
5686463.3015137,8.17939958103797e-09,-3758.4548636
5798930.39929369,4.72539038094489e-08,-3793.13924633668
5913621.87581533,8.40372936418522e-07,-3850.61749152137
6030581.72493,1.45521790588938e-05,-4369.36982256523
6149854.81060126,1.36562866799753e-07,-4465.68163985183
6271486.8841139,1.48036740176861e-08,-4510.01512337741
6395524.60162344,2.81937838821098e-09,-4538.11054893881
6522015.54205273,9.00250564875106e-10,-4477.19390618381
6651008.22534241,5.12811432278017e-09,-4470.06747275336
6782552.13106252,3.51971297488838e-08,-4507.25244132364
6916697.7173919,9.40256241581165e-07,-4572.87651588819
7053496.44047334,3.4534987575571e-06,-5120.4681937822
7193000.77415124,5.50110182040001e-08,-5203.82449320837
7335264.2300998,6.12900645086152e-09,-5246.85036237821
7480341.37834923,8.76075999002366e-10,-5240.82163012294
7628287.86821798,3.83105306125183e-09,-5185.54511513186
7779160.44965898,3.31854264161154e-08,-5226.07607029993
7933016.99502789,1.81381061802609e-06,-5306.19848216115
8089916.52128221,7.41354299828819e-07,-5871.89995792
8249919.21261916,2.0567751371387e-08,-5943.4787273961
8413086.4435614,2.23643921498344e-09,-5979.70755390751
8579480.80249934,2.02259620602392e-09,-5900.02661044537
8749166.11569909,2.02745877665139e-08,-5936.23506278988
8922207.47178517,1.15950010513954e-06,-6017.10417182294
9098671.24670752,5.52372941168818e-07,-6597.79490140065
9278625.1292023,1.33314446459675e-08,-6672.08406327574
9462138.14675613,1.11539181126602e-09,-6692.75320141145
9649280.69208403,5.0151119001403e-09,-6629.69645529917
9840124.55013096,1.08736769571464e-07,-6689.77428716677
10034742.9256074,1.07137334713313e-05,-7256.08909585138
10233210.4710694,2.6926767622958e-08,-7378.10068663567
10435603.3155544,1.639688027907e-09,-7419.4405442819
10641999.0937829,4.56677574538418e-09,-7348.17833105812
10852476.9759379,1.44245033646356e-07,-7415.40967582493
11067117.6980337,1.80312369961512e-06,-8013.92238515685
11286003.5928844,1.19862031114752e-08,-8114.17471960021
11509218.6216859,7.9870132777916e-10,-8089.48425329749
11736848.4062221,1.6771149752653e-08,-8092.45932797536
11968980.2617077,1.40730709242118e-05,-8229.89718087472
12205703.2302815,4.33962854129711e-08,-8808.56235454164
12447108.115161,1.3894207320494e-09,-8857.68930123666
12693287.5154736,8.97448517683059e-09,-8800.2172115073
12944335.8617756,3.08999977047838e-06,-8917.20339221302
13200349.452275,4.7890009946662e-08,-9526.59360402701
13461426.4897692,1.12695093636099e-09,-9573.07301000917
13727667.1193148,1.46195822424501e-08,-9529.7372754998
13999173.4666411,0.0103058656177539,-9850.60107339104
14276049.6773242,1.3841937904826e-08,-10271.3428792951
14558401.9567356,1.50494029967867e-09,-10221.2949044822
14846338.6107808,1.25068414072465e-07,-10292.5650174804
15139970.0874438,1.73049640352476e-07,-10940.9600068709
15439409.0191533,1.55304143477702e-09,-11019.0149181818
15744770.2659867,1.89329684406965e-08,-10974.8709541179
16056170.9597284,3.0120962200271e-06,-11603.3295513097
16373730.5488001,3.73329677795013e-09,-11734.8143336025
16697570.844079,9.51836771837153e-09,-11681.3454282796
17027816.0656228,1.81145434334436e-05,-12284.6042602561
17364592.8903185,4.19668847256868e-09,-12453.1271600086
17708030.5004733,1.1012961751924e-08,-12404.170278441
18058260.6333677,2.71596743264567e-06,-13045.4834053438
18415417.6317869,2.16744522554327e-09,-13179.8218518879
18779638.4955533,3.34604441777768e-08,-13146.2410349095
19151062.9340774,1.32779785836445e-07,-13826.2418459709
19529833.4199475,9.95734958970361e-10,-13831.5738329634
19916095.2435812,9.19565003038609e-07,-13932.4286114464
20309996.5689549,8.58140945725525e-09,-14600.6363464579
20711688.4904387,1.1598327215884e-08,-14565.1812870797
21121325.0907527,2.81060033767923e-07,-15251.288288986
21539063.5000715,1.13499552643336e-09,-15266.7124055483
21965063.9562966,1.05689465324956e-05,-15423.6122322379
22399489.8665208,2.67726993905996e-09,-16058.5704667161
22842507.8697091,1.14673173848792e-07,-16050.834462631
23294287.9006184,1.06596554530695e-08,-16756.4643176941
23755003.2549823,2.22347817352759e-08,-16738.0758390988
24224830.655984,3.09921577466643e-08,-17455.2906207411
24703950.3220452,1.03999052172868e-08,-17443.056657101
25192546.0359543,5.54923720990692e-08,-18163.6504969745
25690805.2153635,8.67553916346992e-09,-18159.5711171562
26198918.9846784,4.91845019781418e-08,-18886.0607600316
26717082.2483708,1.25286172171385e-08,-18886.6937424667
27245493.7657411,2.20593493972109e-08,-19622.0822288409
27784356.227159,3.63268466323568e-08,-19627.8839042075
28333876.3318121,6.24140393194172e-09,-20366.5263514094
28894264.8669931,4.42068595814165e-07,-20397.7518008446
29465736.7889541,1.05925783916857e-09,-21090.9823109323
30048511.3053606,4.5195995954305e-06,-21674.7851881401
30642811.9593757,4.61468293046245e-09,-21748.3439926419
31248866.7154087,2.09113421579723e-08,-22503.1483689124
31866908.0465575,2.0565894835777e-07,-22542.4824024421
32497173.0237822,7.78049658531596e-10,-23223.2920758868
33139903.4068421,1.73333907949751e-07,-23900.9272794277
33795345.7370309,4.42352449890162e-08,-23951.8202655626
34463751.4317452,1.08974258561605e-09,-24691.9916332357
35145376.880925,1.51788471822281e-07,-25343.5738915599
35840483.5454011,1.09606527169072e-07,-25409.9331882584
36549338.0571871,1.31913028652127e-09,-26063.1664387892
37272212.3217546,1.46456514412997e-08,-26830.2274796359
38009383.6223327,0.000163195636861663,-27374.6249091574
38761134.7262696,2.45417938460722e-08,-27540.0466664432
39527753.9934972,9.6817356449045e-10,-28232.9265049005
40309535.4871414,8.63539813494767e-09,-29000.51711383
41106779.0863204,4.28181787647213e-07,-29642.8857996949
41919790.6011738,1.05618371700042e-06,-29775.2196133843
42748881.8901659,2.01845020842073e-08,-30416.1462933078
43594370.9797106,2.46973855176888e-09,-31100.8247003848
44456582.1861607,1.20948996010644e-09,-31895.0028874463
45335846.2402107,6.08253226187736e-09,-32606.9855900711
46232500.4137598,2.72454292328009e-08,-33297.8656148463
47146888.6492845,1.46425973460745e-07,-33984.2910910743
48079361.6917695,1.09105155930463e-06,-34664.1249179063
49030277.2232473,1.48975884894335e-05,-35328.8566967924
50000000,0.0123012738451377,-35820.0000000019
