Frequency_Hz,Real,Imaginary
0.159154943091895,-0.012301273477859,2.38212431691146e-06
0.16230271589861,-0.0123012734631873,2.42923806403726e-06
0.165512745481333,-0.0123012734479294,2.47728362851267e-06
0.16878626315706,-0.0123012734320618,2.52627944001241e-06
0.172124524595827,-0.0123012734155607,2.57624429245809e-06
0.175528810302357,-0.0123012733984002,2.62719735161118e-06
0.179000426107251,-0.0123012733805543,2.67915816212055e-06
0.182540703667875,-0.0123012733619953,2.73214665533938e-06
0.186151000979172,-0.0123012733426952,2.78618315698987e-06
0.18983270289456,-0.012301273322624,2.84128839439565e-06
0.193587221657144,-0.012301273301751,2.89748350521719e-06
0.197415997441431,-0.0123012732800442,2.95479004500122e-06
0.201320498905754,-0.0123012732574703,3.01322999546253e-06
0.205302223755631,-0.0123012732339946,3.07282577326801e-06
0.209362699318258,-0.0123012732095811,3.13360023847142e-06
0.213503483128371,-0.0123012731841925,3.1955767030081e-06
0.217726163525688,-0.0123012731577894,3.25877894029832e-06
0.222032360264175,-0.0123012731303318,3.3232311936824e-06
0.226423725133356,-0.0123012731017772,3.38895818571241e-06
0.230901942591913,-0.012301273072082,3.45598512847182e-06
0.23546873041382,-0.0123012730412006,3.52433773246886e-06
0.240125840347253,-0.0123012730090856,3.59404221630557e-06
0.244875058786532,-0.0123012729756875,3.66512531782753e-06
0.249718207457358,-0.0123012729409553,3.73761430326875e-06
0.254657144115592,-0.0123012729048358,3.81153697817695e-06
0.259693763259867,-0.0123012728672734,3.88692169807178e-06
0.264829996858284,-0.0123012728282104,3.96379737931012e-06
0.270067815089487,-0.0123012727875869,4.04219351020311e-06
0.275409227098391,-0.0123012727453407,4.12214016229669e-06
0.28085628176686,-0.0123012727014069,4.20366800154308e-06
0.286411068499624,-0.0123012726557179,4.28680830093062e-06
0.292075718025744,-0.0123012726082037,4.37159295160077e-06
0.297852403215924,-0.0123012725587916,4.45805447569658e-06
0.303743339915995,-0.0123012725074056,4.54622603820573e-06
0.30975078779687,-0.0123012724539671,4.63614146050861e-06
0.315877051221326,-0.0123012723983936,4.72783523233586e-06
0.322124480127921,-0.0123012723406002,4.82134252623999e-06
0.328495470932386,-0.0123012722804981,4.91669920995142e-06
0.334992467446863,-0.0123012722179949,5.01394186078971e-06
0.341617961817305,-0.012301272152995,5.11310777920028e-06
0.348374495479429,-0.0123012720853986,5.21423500366759e-06
0.355264660133566,-0.0123012720151019,5.31736232480906e-06
0.362291098738802,-0.0123012719419969,5.42252930073098e-06
0.369456506526773,-0.0123012718659719,5.52977627155415e-06
0.376763632035512,-0.0123012717869096,5.63914437556105e-06
0.384215278163748,-0.012301271704689,5.75067556417559e-06
0.391814303246053,-0.0123012716191841,5.86441261919209e-06
0.399563622149253,-0.0123012715302633,5.98039916813078e-06
0.407466207390526,-0.0123012714377904,6.09867970120568e-06
0.415525090277615,-0.0123012713416235,6.21929958904509e-06
0.423743362071588,-0.0123012712416152,6.34230509934784e-06
0.432124175172596,-0.0123012711376116,6.46774341470749e-06
0.440670744329087,-0.0123012710294533,6.59566265125188e-06
0.449386347870931,-0.0123012709169744,6.72611187642364e-06
0.458274328966938,-0.0123012708000026,6.85914112826381e-06
0.467338096907243,-0.0123012706783577,6.99480143475458e-06
0.476581128411058,-0.0123012705518535,7.13314483234421e-06
0.486006968960286,-0.0123012704202961,7.27422438732183e-06
0.495619234159511,-0.012301270283483,7.41809421541157e-06
0.50542161112289,-0.0123012701412048,7.56480950228065e-06
0.515417859888471,-0.0123012699932428,7.71442652530112e-06
0.525611814860483,-0.0123012698393703,7.86700267488808e-06
0.536007386280155,-0.0123012696793509,8.02259647636567e-06
0.546608561725624,-0.0123012695129394,8.18126761288895e-06
0.557419407641505,-0.01230126933988,8.34307694748479e-06
0.568444070898716,-0.0123012691599075,8.50808654744309e-06
0.579686780385156,-0.0123012689727455,8.67635970731915e-06
0.591151848627835,-0.0123012687781067,8.8479609734991e-06
0.602843673447094,-0.0123012685756928,9.02295616897294e-06
0.614766739643542,-0.0123012683651933,9.20141241851094e-06
0.626925620718352,-0.0123012681462846,9.38339817473062e-06
0.639324980627584,-0.0123012679186311,9.56898324367326e-06
0.65196957557121,-0.0123012676818836,9.75823881202308e-06
0.664864255817511,-0.0123012674356786,9.95123747471442e-06
0.67801396756357,-0.0123012671796386,1.01480532621245e-05
0.691423754832551,-0.0123012669133704,1.03487616690785e-05
0.705098761408512,-0.0123012666364654,1.0553439682818e-05
0.719044232809474,-0.012301266348499,1.07621658141858e-05
0.733265518299524,-0.0123012660490293,1.09750201258775e-05
0.747768072940707,-0.0123012657375962,1.11920842646144e-05
0.762557459685503,-0.0123012654137226,1.14134414917619e-05
0.777639351510687,-0.012301265076911,1.16391767148287e-05
0.793019533593395,-0.0123012647266447,1.18693765216083e-05
0.808703905530227,-0.0123012643623861,1.21041292114224e-05
0.82469848360024,-0.0123012639835765,1.23435248305284e-05
0.841009403072698,-0.0123012635896347,1.25876552054548e-05
0.857642920560464,-0.0123012631799558,1.28366139796968e-05
0.87460541641994,-0.0123012627539117,1.30904966477035e-05
0.891903397198471,-0.0123012623108479,1.33494005936353e-05
0.909543498130156,-0.0123012618500852,1.36134251265816e-05
0.927532485681016,-0.0123012613709165,1.38826715204484e-05
0.94587726014451,-0.0123012608726061,1.41572430518773e-05
0.964584858288372,-0.0123012603543899,1.44372450396661e-05
0.983662456053812,-0.0123012598154721,1.47227848858365e-05
1.00311737130809,-0.0123012592550262,1.50139721165135e-05
1.02295706665153,-0.0123012586721921,1.53109184238785e-05
1.04318915228008,-0.0123012580660754,1.56137377090176e-05
1.06382138890443,-0.0123012574357461,1.59225461254491e-05
1.08486169072692,-0.0123012567802369,1.62374621239045e-05
1.1063181284773,-0.0123012560985421,1.65586064981375e-05
1.12819893250854,-0.0123012553896155,1.68861024300986e-05
1.15051249595384,-0.0123012546523692,1.72200755385008e-05
1.17326737794615,-0.0123012538856724,1.75606539259665e-05
1.19647230690127,-0.012301253088348,1.79079682286609e-05
1.22013618386597,-0.0123012522591727,1.82621516664648e-05
1.24426808593228,-0.0123012513968745,1.86233400933409e-05
1.26887726971929,-0.0123012505001298,1.89916720507574e-05
1.29397317492391,-0.0123012495675628,1.93672888192672e-05
1.31956542794172,-0.0123012485977424,1.9750334473865e-05
1.34566384555956,-0.0123012475891805,2.01409559387205e-05
1.37227843872105,-0.0123012465403296,2.05393030432827e-05
1.39941941636667,-0.0123012454495802,2.09455285806338e-05
1.42709718934971,-0.0123012443152585,2.13597883650709e-05
1.45532237442976,-0.012301243135624,2.17822412922721e-05
1.48410579834509,-0.0123012419088668,2.22130494001102e-05
1.51345850196561,-0.0123012406331039,2.26523779313931e-05
1.54339174452803,-0.0123012393063784,2.31003953960769e-05
1.57391700795468,-0.012301237926654,2.35572736366879e-05
1.60504600125779,-0.012301236491814,2.40231878942602e-05
1.63679066503093,-0.0123012349996562,2.44983168747817e-05
1.66916317602918,-0.0123012334478912,2.49828428189348e-05
1.70217595183998,-0.0123012318341379,2.54769515703227e-05
1.73584165564632,-0.0123012301559199,2.59808326483499e-05
1.77017320108409,-0.0123012284106625,2.64946793195504e-05
1.80518375719563,-0.0123012265956871,2.70186886727227e-05
1.84088675348109,-0.0123012247082093,2.75530616937693e-05
1.87729588504983,-0.0123012227453324,2.80980033431092e-05
1.91442511787363,-0.0123012207040448,2.86537226337735e-05
1.95228869414379,-0.0123012185812139,2.92204327124083e-05
1.99090113773427,-0.0123012163735828,2.97983509398836e-05
2.03027725977277,-0.0123012140777636,3.03876989753428e-05
2.07043216432207,-0.0123012116902336,3.09887028609835e-05
2.11138125417369,-0.0123012092073295,3.16015931084877e-05
2.1531402367562,-0.0123012066252411,3.22266047878818e-05
2.19572513016029,-0.0123012039400067,3.28639776167414e-05
2.23915226928313,-0.0123012011475058,3.35139560530662e-05
2.28343831209408,-0.0123011982434535,3.41767893878511e-05
2.32860024602452,-0.0123011952233939,3.48527318417333e-05
2.37465539448392,-0.0123011920826927,3.55420426616829e-05
2.42162142350483,-0.0123011888165309,3.6244986220586e-05
2.46951634851928,-0.0123011854198969,3.69618321180454e-05
2.51835854126926,-0.0123011818875787,3.76928552847556e-05
2.56816673685378,-0.0123011782141561,3.84383360866873e-05
2.6189600409154,-0.012301174393993,3.91985604330088e-05
2.67075793696884,-0.0123011704212273,3.99738198853376e-05
2.72358029387455,-0.0123011662897636,4.07644117698584e-05
2.77744737346007,-0.0123011619932621,4.15706392909063e-05
2.83237983829222,-0.0123011575251303,4.23928116475986e-05
2.88839875960285,-0.0123011528785125,4.32312441504366e-05
2.94552562537149,-0.0123011480462791,4.40862583446181e-05
3.00378234856777,-0.0123011430210152,4.49581821310822e-05
3.06319127555693,-0.0123011377950103,4.58473498935887e-05
3.1237751946715,-0.0123011323602457,4.67541026256723e-05
3.18555734495256,-0.0123011267083827,4.76787880612584e-05
3.24856142506386,-0.0123011208307485,4.86217608080132e-05
3.31281160238228,-0.0123011147183253,4.9583382483758e-05
3.37833252226804,-0.0123011083617341,5.05640218535306e-05
3.44514931751828,-0.0123011017512218,5.1564054971349e-05
3.51328761800759,-0.0123010948766454,5.25838653243733e-05
3.58277356051925,-0.012301087727457,5.36238439791956e-05
3.6536337987709,-0.0123010802926869,5.46843897314466e-05
3.72589551363842,-0.0123010725609283,5.5765909258758e-05
3.79958642358219,-0.0123010645203175,5.68688172763891e-05
3.87473479527937,-0.0123010561585178,5.79935366944104e-05
3.9513694544666,-0.0123010474626997,5.91404987811965e-05
4.02951979699709,-0.0123010384195207,6.03101433276041e-05
4.1092158001164,-0.0123010290151063,6.15029188149543e-05
4.19048803396125,-0.0123010192350269,6.27192825867012e-05
4.27336767328573,-0.012301009064277,6.39597010227574e-05
4.35788650941949,-0.0123009984872519,6.52246497183266e-05
4.44407696246233,-0.0123009874877234,6.65146136654107e-05
4.53197209372011,-0.0123009760488155,6.78300874376767e-05
4.62160561838646,-0.0123009641529777,6.91715753803947e-05
4.71301191847553,-0.0123009517819587,7.05395918010922e-05
4.80622605601025,-0.0123009389167786,7.1934661168308e-05
4.90128378647167,-0.0123009255376992,7.33573183100001e-05
4.99822157251415,-0.0123009116241938,7.48081086184757e-05
5.0970765979519,-0.0123008971549167,7.62875882583275e-05
5.19788678202209,-0.0123008821076683,7.77963243788026e-05
5.30069079393005,-0.0123008664593637,7.93348953294013e-05
5.40552806768221,-0.0123008501859956,8.090389088152e-05
5.51243881721235,-0.012300833262598,8.25039124520821e-05
5.62146405180704,-0.0123008156632077,8.413557333408e-05
5.73264559183614,-0.0123007973608249,8.57994989291266e-05
5.84602608479447,-0.0123007783273712,8.74963269864068e-05
5.96164902166067,-0.0123007585336475,8.92267078455746e-05
6.07955875357974,-0.0123007379492879,9.09913046830829e-05
6.19980050887534,-0.0123007165427144,9.2790793766726e-05
6.32242041039875,-0.0123006942810883,9.4625864711212e-05
6.44746549322083,-0.0123006711302588,9.64972207416885e-05
6.57498372267395,-0.0123006470547118,9.84055789598313e-05
6.70502401275073,-0.0123006220175153,0.000100351670617623
6.83763624486669,-0.0123005959802623,0.000102336241394749
6.97287128699396,-0.0123005689030121,0.000104360051682013
7.11078101317347,-0.0123005407442299,0.000106423876869114
7.251418323413,-0.0123005114607215,0.000108528507640624
7.39483716397877,-0.0123004810075687,0.000110674750274176
7.54109254808842,-0.01230044933806,0.000112863426947886
7.69024057701318,-0.0123004164036184,0.000115095376050155
7.8423384615975,-0.012300382153728,0.000117371452499079
7.99744454420414,-0.0123003465358555,0.000119692528064979
8.15561832109348,-0.0123003094953708,0.000122059491700464
8.31692046524527,-0.012300270975463,0.000124473249877137
8.48141284963192,-0.0123002309170522,0.000126934726928268
8.6491585709519,-0.0123001892587015,0.000129444865396994
8.82022197383272,-0.0123001459365206,0.000132004626393734
8.99466867551251,-0.0123001008840688,0.000134614989957883
9.17256559100974,-0.0123000540322537,0.000137276955427252
9.35398095879077,-0.0123000053092248,0.000139991541815261
9.53898436694508,-0.0122999546402637,0.000142759788194269
9.72764677987816,-0.0122999019476701,0.000145582754087162
9.92004056553233,-0.0122998471506424,0.000148461519864257
10.116239523146,-0.0122997901651539,0.000151397187151185
10.3163189115617,-0.012299730903825,0.000154390879240481
10.5203554780946,-0.0122996692757887,0.000157443741514344
10.7284274879711,-0.0122996051865522,0.000160556941872951
10.9406147543506,-0.0122995385378519,0.000163731671171725
11.15699866894,-0.012299469227503,0.000166969143667434
11.377662233215,-0.0122993971492444,0.00017027059747087
11.6026900902575,-0.0122993221925743,0.000173637295009172
11.8321685572239,-0.012299244242583,0.000177070523496726
12.0661856584545,-0.0122991631797762,0.000180571595414328
12.3048311592387,-0.0122990788798932,0.000184141848997037
12.5481966002474,-0.0122989912137159,0.000187782648731478
12.7963753326463,-0.0122989000468721,0.000191495385862079
13.0494625539044,-0.0122988052396306,0.00019528147890567
13.3075553443099,-0.0122987066466869,0.000199142374177656
13.5707527042089,-0.0122986041169419,0.00020307954632436
13.8391555919803,-0.0122984974932711,0.00020709449886862
14.1128669627617,-0.0122983866122841,0.000211188764762219
14.3919918079418,-0.012298271304077,0.000215363906949746
14.6766371954327,-0.0122981513919705,0.000219621518942339
14.9669123107405,-0.0122980266922434,0.000223963225400801
15.2629284988461,-0.0122978970138495,0.000228390682730034
15.5647993069161,-0.0122977621581288,0.000232905579682797
15.8726405278576,-0.0122976219185027,0.000237509637975493
16.1865702447342,-0.0122974760801607,0.000242204612913171
16.5067088760611,-0.0122973244197325,0.000246992294025492
16.8331792219957,-0.0122971667049468,0.000251874505714807
17.1661065114419,-0.0122970026942802,0.000256853107913623
17.5056184500857,-0.0122968321365863,0.000261929996754356
17.8518452693814,-0.0122966547707166,0.000267107105250183
18.2049197765062,-0.0122964703251213,0.000272386403985803
18.5649774053026,-0.0122962785174371,0.000277769901822292
18.9321562682296,-0.0122960790540578,0.000283259646611424
19.3065972093393,-0.0122958716296883,0.000288857725920996
19.6884438583036,-0.0122956559268808,0.00029456626777493
20.0778426855076,-0.0122954316155531,0.000300387441401695
20.4749430582333,-0.012295198352487,0.000306323457995959
20.879897297955,-0.0122949557808085,0.000312376571493434
21.2928607387672,-0.0122947035294464,0.000318549079354874
21.7139917869681,-0.0122944412125698,0.000324843323364177
22.1434519818222,-0.0122941684290034,0.000331261690437451
22.5814060575239,-0.0122938847616209,0.000337806613444625
23.0280220063871,-0.0122935897767129,0.000344480572041984
23.4834711432843,-0.0122932830233326,0.000351286093518586
23.9479281713605,-0.0122929640326118,0.000358225753651408
24.4215712490463,-0.0122926323170552,0.000365302177576542
24.904582058397,-0.0122922873698027,0.000372518040667683
25.3971458747828,-0.0122919286638656,0.000379876069430331
25.8994516379575,-0.0122915556513328,0.000387379042404014
26.411692024533,-0.0122911677625436,0.000395029791079434
26.9340635218866,-0.0122907644052321,0.000402831200823468
27.4667665035311,-0.0122903449636352,0.000410786211818463
28.0100053059745,-0.0122899087975677,0.000418897820009352
28.5639883071004,-0.0122894552414609,0.000427169078063819
29.1289280060985,-0.0122889836033641,0.00043560309634249
29.705041104976,-0.0122884931639066,0.000444203043876616
30.2925485916809,-0.012287983175222,0.000452972149360306
30.8916758248697,-0.0122874528598273,0.000461913702146883
31.5026526203514,-0.0122869014094636,0.000471031053258066
32.1257133392413,-0.0122863279838861,0.000480327616399181
32.7610969778581,-0.0122857317096136,0.000489806868984351
33.4090472593991,-0.0122851116786274,0.000499472353166596
34.0698127274288,-0.0122844669470181,0.000509327676878177
34.7436468412165,-0.0122837965335852,0.000519376514871998
35.4308080729586,-0.0122830994183804,0.000529622609774342
36.1315600069251,-0.0122823745411957,0.000540069773137026
36.8461714405663,-0.0122816207999951,0.000550721886496921
37.5749164876189,-0.0122808370492853,0.000561582902435561
38.3180746832522,-0.0122800220984262,0.000572656845642002
39.0759310912932,-0.012279174709877,0.000583947813977159
39.8487764135726,-0.0122782935973757,0.000595459979534573
40.6369071014335,-0.0122773774240512,0.000607197589703138
41.4406254694456,-0.0122764248004645,0.000619164968223716
42.260239811368,-0.0122754342825756,0.000631366516243274
43.0960645184062,-0.0122744043696357,0.000643806713361363
43.9484201998073,-0.0122733335020013,0.000656490118669122
44.8176338058411,-0.0122722200588658,0.000669421371779135
45.7040387532128,-0.0122710623559099,0.000682605193843382
46.6079750529564,-0.0122698586428624,0.000696046388556769
47.5297894408576,-0.0122686071009741,0.000709749843145626
48.4698355104567,-0.0122673058403989,0.000723720529337815
49.4284738486806,-0.0122659528974784,0.000737963504311381
50.4060721741592,-0.0122645462319294,0.000752483911619769
51.4030054782759,-0.0122630837239297,0.000767286982091284
52.4196561690087,-0.0122615631710982,0.000782378034698839
53.4564142176158,-0.012259982285369,0.000797762477395357
54.5136773082225,-0.0122583386897523,0.000813445807915528
55.5918509903666,-0.012256629914982,0.000829433614535203
56.6913488345608,-0.0122548533960446,0.000845731576788146
57.812592590932,-0.012253006468587,0.000862345466134509
58.9560123509977,-0.0122510863651996,0.000879281146576007
60.1220467126426,-0.0122490902115692,0.000896544575214321
61.311142948358,-0.012247015022504,0.000914141802747768
62.5237571768083,-0.0122448576978168,0.000932078973898816
63.7603545377909,-0.0122426150180752,0.000950362327769481
65.0214093706568,-0.0122402836402045,0.00096899819811779
66.3074053962595,-0.0122378600929469,0.000987993013547334
67.6188359025028,-0.0122353407721698,0.00100735329760608
68.9562039335584,-0.0122327219360202,0.00102708566878492
70.3200224828258,-0.0122299996999223,0.0010471968404103
71.710814689708,-0.0122271700314161,0.00106769362042175
73.1291140402803,-0.0122242287448307,0.0010885829110275
74.5754645719267,-0.0122211714957902,0.00110987170822649
76.0504210820243,-0.0122179937755518,0.00113156710119251
77.5545493407549,-0.0122146909051681,0.00115367627150509
79.0884263081254,-0.0122112580294758,0.00117620649222202
80.6526403552807,-0.012207690110904,0.00119916512677768
82.2477914901939,-0.0122039819231021,0.00122255962770249
83.8744915878194,-0.0122001280443856,0.00124639753514289
85.5333646247988,-0.0121961228509947,0.00127068647517916
87.2250469188088,-0.0121919605101681,0.00129543415791903
88.9501873726424,-0.0121876349730285,0.0013206483753604
90.709447723118,-0.0121831399672785,0.0013463369990038
92.5035027949108,-0.0121784689897094,0.00137250797720343
94.3330407594057,-0.012173615298519,0.00139916933223723
96.1987633986685,-0.0121685719054431,0.0014263291570849
98.1013863746388,-0.0121633315676983,0.00145399561188972
100.041639503647,-0.0121578867797426,0.00148217692009364
102.020267036358,-0.0121522297648508,0.00151088136422132
104.038027943258,-0.0121463524665143,0.00154011728129822
106.095696205782,-0.0121402465396634,0.00156989305787869
108.194061113199,-0.0121339033417234,0.00160021712466771
110.333927565374,-0.0121273139235081,0.00163109795070933
112.516116381512,-0.012120469019956,0.00166254403712566
114.741464615015,-0.0121133590407236,0.00169456391037845
117.01082587456,-0.0121059740606405,0.00172716611503192
119.325070651528,-0.0120983038100395,0.00176035920599185
121.685086653917,-0.0120903376649787,0.00179415174019673
124.091779146847,-0.0120820646373622,0.00182855226773315
126.546071299807,-0.0120734733649848,0.0018635693223515
129.048904540771,-0.0120645521015119,0.00189921141135438
131.601238917311,-0.0120552887064201,0.00193548700482874
134.204053464859,-0.0120456706349183,0.00197240452419716
136.85834658225,-0.0120356849278755,0.00200997233005822
139.565136414689,-0.0120253182017822,0.00204819870928656
142.325461244298,-0.0120145566387766,0.00208709186136907
145.140379888384,-0.0120033859767661,0.00212665988394185
148.010972105586,-0.0119917914996818,0.00216691075750674
150.938339010052,-0.0119797580279072,0.00220785232929515
153.923603493808,-0.011967269908916,0.00224949229625373
156.967910657485,-0.011954311008172,0.00229183818712473
160.07242824956,-0.0119408647003387,0.00233489734359518
163.238347114284,-0.0119269138608458,0.00237867690049227
166.466881648475,-0.0119124408578796,0.00242318376499971
169.759270267339,-0.0118974275448465,0.00246842459487455
173.116775879506,-0.0118818552533857,0.00251440577564734
176.540686371466,-0.0118657047869918,0.00256113339678584
180.032315101576,-0.0118489564153261,0.00260861322681184
183.593001403851,-0.0118315898692922,0.00265685068735824
187.224111101703,-0.0118135843369614,0.0027058508261622
190.927037031858,-0.0117949184604311,0.00275561828898837
194.703199578618,-0.0117755703337142,0.00280615729049086
198.554047218707,-0.0117555175017499,0.002857471584014
202.481057076876,-0.0117347369606418,0.00290956443035314
206.485735492509,-0.011713205159228,0.00296243856549164
210.56961859743,-0.0116908980020919,0.00301609616734211
214.734272905142,-0.0116677908541304,0.00307053882153072
218.98129591171,-0.011643858546796,0.00312576748626593
223.312316708544,-0.0116190753861337,0.00318178245634861
227.728996607287,-0.0115934151627427,0.00323858332638498
232.23302977707,-0.0115668511637828,0.00329616895328362
236.826143894368,-0.0115393561871619,0.00335453741811836
241.510100805712,-0.0115109025580323,0.00341368598746345
246.286697203501,-0.0114814621477285,0.00347361107431223
251.157765315191,-0.0114510063952769,0.00353430819871171
256.125173606103,-0.0114195063316092,0.00359577194825723
261.190827496141,-0.0113869326066063,0.00365799593860812
266.35667009068,-0.0113532555190947,0.0037209727742077
271.624682925911,-0.0113184450499178,0.0037846940093986
276.996886728924,-0.01128247089819,0.00384915011015747
282.475342192833,-0.0112453025208383,0.0039143304166788
288.06215076722,-0.0112069091755247,0.00398022310706721
293.759455464223,-0.0111672599670282,0.0040468151624149
299.569441680558,-0.0111263238971507,0.0041140923335608
305.494338035805,-0.0110840699181976,0.00418203910985163
311.53641722727,-0.0110404669900572,0.00425063869024544
317.697996901758,-0.0109954841408863,0.00431987295711587
323.981440544583,-0.0109490905313816,0.00438972245314241
330.389158386169,-0.0109012555225882,0.00446016636168676
336.923608326569,-0.0108519487471621,0.00453118249107528
343.587296878285,-0.0108011401839756,0.00460274726322619
350.382780127721,-0.0107488002359068,0.00467483570707715
357.312664715662,-0.0106948998106217,0.00474742145728005
364.379608837134,-0.010639410404106,0.00482047675864491
371.586323261056,-0.0105823041866549,0.00489397247682156
378.935572370038,-0.0105235540909848,0.00496787811571652
386.430175220761,-0.010463133902064,0.00504216184214095
394.073006625322,-0.0104010183482113,0.00511679051819074
401.866998253965,-0.0103371831929409,0.00519172974184614
409.815139759626,-0.0102716053269756,0.00526694389627378
417.920479924715,-0.0102042628597767,0.0053423962082935
426.186127830583,-0.0101351352098731,0.0054180488164578
434.615254050115,-0.0100642031931998,0.00549386284915421
443.211091863913,-0.00999144910858077,0.00556979851311457
451.976938500533,-0.0099168568194235,0.0056458151926717
460.916156401246,-0.00984041183060887,0.00572187156005715
470.032174509823,-0.00976210135949169,0.00579792569697606
479.328489587819,-0.00968191439985174,0.0058739352276352
488.808667555882,-0.00959984177755407,0.00594985746333159
498.476344861577,-0.00951587619661795,0.00602564955862702
508.335229874276,-0.00943001227430656,0.0061012686790559
518.389104307628,-0.00934224656379235,0.00617667218021486
528.641824670165,-0.00925257756288129,0.0062518177979867
539.097323744597,-0.0091610057072119,0.00632666384954723
549.75961209637,-0.00906753334628584,0.0064011694446877
560.632779612051,-0.00897216470062626,0.00647529470686403
571.720997068147,-0.0088749057982965,0.00654900100326726
583.02851773095,-0.00877576438896163,0.00662225118306779
594.55967898802,-0.00867474983361031,0.00669500982285719
606.318904011943,-0.00857187296800087,0.00676724347816271
618.310703456989,-0.00846714593783177,0.00683892093976308
630.539677189327,-0.00836058200357379,0.00691001349337877
643.010516051461,-0.00825219531282437,0.00698049518113894
655.728003661566,-0.00814200063797032,0.00705034306306321
668.69701824841,-0.00803001307684242,0.00711953747660168
681.92253452256,-0.00791624771394192,0.00718806229208247
695.409625584611,-0.00780071923968613,0.00725590516169069
709.163464871141,-0.00768344152496538,0.00732305775936166
723.189328139162,-0.00756442714812081,0.00738951600869833
737.492595489824,-0.00744368687123538,0.00745528029569569
752.078753432123,-0.00732122906237123,0.0075203556627053
766.953396987457,-0.00719705906009009,0.00758475197962311
782.122231835775,-0.00707117847623664,0.00764848408778635
797.591076504193,-0.00694358443256991,0.00771157191143923
813.365864598889,-0.00681426872635631,0.00777404053089235
829.452647081139,-0.00668321691952781,0.00783592021060072
845.857594588372,-0.006550407345424,0.00789724637429253
862.586999801132,-0.00641581002650545,0.00795805951795413
879.64727985685,-0.0062793854957439,0.00801840504985421
897.044978811352,-0.00614108351368379,0.00807833304482047
914.786770149066,-0.00600084167244598,0.00813789789758049
932.879459342858,-0.0058585838772511,0.00819715785705306
951.32998646451,-0.00571421869543381,0.00825617441993059
970.145428846818,-0.00556763756245079,0.00831501155759955
989.333003798348,-0.00541871283420992,0.00837373474523671
1008.90007137189,-0.00526729567525089,0.00843240975566109
1028.85413718763,-0.0051132137731527,0.00849110117298251
1049.20285531224,-0.00495626887125527,0.00854987057207167
1069.9540311948,-0.00479623411476664,0.00860877429913042
1091.11562466089,-0.00463285121005556,0.00866786077590935
1112.69575296583,-0.00446582740408503,0.00872716723514657
1134.70269390834,-0.0042948323013632,0.00878671577735032
1157.14488900578,-0.00411949455065286,0.00884650861893748
1180.03094673217,-0.00393939845443938,0.00890652237894565
1203.36964582027,-0.00375408058272602,0.0089667012262072
1227.16993862897,-0.00356302651151895,0.00902694868159587
1251.44095457726,-0.0033656678584053,0.00908711784184712
1276.19200364617,-0.00316137985659291,0.00914699976458414
1301.43257994989,-0.0029494797990793,0.00920630973194026
1327.17236537756,-0.00272922680125916,0.0092646710979146
1353.42123330713,-0.00249982347861279,0.00932159643045795
1380.18925239262,-0.00226042032133074,0.00937646569516622
1407.48669042628,-0.00201012377357421,0.00942850131035136
1435.32401827715,-0.00174800929213215,0.00947674005653135
1463.71191390757,-0.00147314096169029,0.00952000207814842
1492.661266469,-0.00118459956486803,0.00955685761099167
1522.18318047901,-0.000881521309813147,0.00958559265236329
1552.28898008074,-0.000563149644712743,0.00960417561309003
1582.9902133867,-0.000228902637328585,0.00961022809627155
1614.29865690841,0.000121541880125219,0.0096010043595112
1646.22632007372,0.000488142009650628,0.00957338570558491
1678.78544983341,0.000870368535294674,0.00952389788589367
1711.98853535896,0.00126706558791229,0.00944876131451271
1745.84831283316,0.00167630205100571,0.00934398498970088
1780.37777033553,0.00209522583302107,0.00920551476682629
1815.59015282437,0.00251993945808748,0.00902944406532329
1851.49896721727,0.00294542186222894,0.00881228920912494
1888.11798757218,0.00336552613387818,0.00855132168100243
1925.46126037091,0.00377308377025416,0.00824493576176928
1963.54310990717,0.00416014009374405,0.00789301397551221
2002.3781437811,0.00451833072044836,0.00749723804621555
2041.98125850255,0.00483938541565972,0.00706128491490638
2082.36764520512,0.00511571670413371,0.00659085128075615
2123.55279547328,0.00534102327139893,0.00609346952067738
2165.55250728463,0.0055108216183132,0.00557811146718617
2208.38289106987,0.00562282140810912,0.00505461732089939
2252.06037589238,0.00567708303078041,0.00453302358300885
2296.60171575022,0.00567593524073149,0.00402288483159534
2342.02399600274,0.00562367524713889,0.00353268276865802
2388.34463992413,0.0055261104980334,0.00306939335032401
2435.58141538687,0.00539002118530572,0.00263824714178983
2483.75244167705,0.00522262250624195,0.00224268061796121
2532.87619644481,0.00503108982397225,0.00188444671368649
2582.97152279192,0.00482218569418032,0.00156383663680658
2634.05763649978,0.0046020030684911,0.00127996184316073
2686.15413340033,0.00437581930572111,0.00103105170163505
2739.28099689258,0.00414804323658125,0.000814734088757291
2793.45860560807,0.00392223216507085,0.000628278845774588
2848.70774122767,0.00370115563080924,0.00046879502686611
2905.04959645323,0.00348688589195835,0.000333380962181416
2962.50578313661,0.00328089959491583,0.000219231244674934
3021.09834056983,0.00308417971016003,0.000123707324025818
3080.84974393884,0.00289731082658845,4.43791655313679e-05
3141.78291294474,0.00272056402867485,-2.09549138628701e-05
3203.92122059541,0.00255396981958267,-7.42640500888831e-05
3267.28850217096,0.00239737902387381,-0.000117291239055202
3331.90906436667,0.00225051247821363,-0.000151566442297722
3397.80769461658,0.00211300076668061,-0.000178423493588739
3465.00967060161,0.00198441542122555,-0.000199018741725217
3533.54076994562,0.00186429299628601,-0.000214350019940237
3603.4272801034,0.00175215331697748,-0.000225275027631228
3674.69600844402,0.00164751304447154,-0.000232528571717444
3747.37429253377,0.001549895532687,-0.000236738370493311
3821.49001062246,0.00145883778625645,-0.000238439297410717
3897.07159233696,0.00137389518079924,-0.000238086056855543
3974.14802958651,0.00129464447700421,-0.00023606435546186
4052.74888768343,0.0012206855506321,-0.000232700673736288
4132.90431668401,0.00115164217012779,-0.000228270763345462
4214.6450629535,0.00108716208001482,-0.00022300700236043
4298.00248096004,0.00102691658923814,-0.000217104739023405
4383.00854530167,0.000970599816757422,-0.00021072774768173
4469.69586297128,0.000917927709799382,-0.000204012910779888
4558.09768586423,0.000868636921353895,-0.00019707422978575
4648.2479235331,0.000822483611133261,-0.000190006256658113
4740.18115619504,0.000779242216971001,-0.000182887026559966
4833.93264799605,0.000738704230427498,-0.000175780562341577
4929.53836053787,0.000700677000315421,-0.000168739012036743
5027.03496667215,0.000664982580259955,-0.00016180447230184
5126.45986456776,0.000631456630711214,-0.000155010543371943
5227.85119205599,0.000599947381595071,-0.000148383654663367
5331.24784125966,0.000570314658680601,-0.000141944194545912
5436.6894735116,0.000542428974493408,-0.000135707472958633
5544.21653456799,0.000516170683007137,-0.000129684541365763
5653.87027012287,0.000491429196240738,-0.000123882890963786
5765.69274162919,0.000468102260154544,-0.000118307046980353
5879.72684243304,0.00044609528677843,-0.000112959074280937
5996.01631422679,0.000425320739248759,-0.000107839007260285
6114.60576382773,0.000405697566321748,-0.000102945215085565
6235.54068028863,0.000387150682928055,-9.82747117314303e-05
6358.86745234647,0.000369610493404469,-9.38234188615051e-05
6484.6333862166,0.000353012454160163,-8.95863884309256e-05
6612.8867237385,0.000337296672689475,-8.55579908796993e-05
6743.67666088076,0.000322407540016707,-8.17320739310766e-05
6877.05336661171,0.000308293393842387,-7.81020962800975e-05
7013.06800214362,0.000294906209846773,-7.46612398362692e-05
7151.77274055719,0.0002822013187912,-7.14025036547045e-05
7293.22078681439,0.000270137147236804,-6.83187822382134e-05
7437.46639816713,0.00025867497987178,-6.54029305072999e-05
7584.56490496929,0.000247778741600631,-6.2647817405672e-05
7734.57273190082,0.000237414797701278,-6.0046369827436e-05
7887.5474196111,0.00022755177049827,-5.75916083116012e-05
8043.5476467909,0.000218160371132157,-5.52766757435777e-05
8202.63325268037,0.000209213245127213,-5.30948601270796e-05
8364.86526002263,0.000200684830571888,-5.10396123388166e-05
8530.30589847096,0.000192551227829614,-4.91045596488542e-05
8699.01862845922,0.000184790079791999,-4.72835156784307e-05
8871.06816554434,0.000177380461772886,-4.5570487371662e-05
9046.52050522998,0.000170302780220673,-4.3959679475574e-05
9225.44294828164,0.000163538679498161,-4.24454969525051e-05
9407.90412654191,0.000157070956044815,-4.10225456883123e-05
9593.97402925684,0.000150883479295921,-3.96856318075914e-05
9783.72402992241,0.00014496111878745,-3.84297598622076e-05
9977.22691366262,0.000139289676924744,-3.72501301206533e-05
10174.5569051484,0.000133855826938079,-3.61421351522517e-05
10375.7896970693,0.000128647055588906,-3.51013558713528e-05
10581.0024791679,0.000123651610227687,-3.41235571816386e-05
10790.2739678484,0.000118858449838001,-3.32046833389813e-05
11003.6844363714,0.000114257199732212,-3.23408531325771e-05
11221.3157456451,0.000109838109592027,-3.15283549676986e-05
11443.2513756262,0.000105592014572613,-3.07636419193102e-05
11669.576457341,0.00010151029921224,-3.00433268133728e-05
11900.3778055409,9.75848639105262e-05,-2.93641773819419e-05
12135.7439520029,9.38080937577681e-05,-2.8723111528718e-05
12375.7651794888,9.01728295155514e-05,-2.81171927334799e-05
12620.5335563766,8.66723405650857e-05,-2.75436256165997e-05
12870.1429719764,8.330029965469e-05,-2.69997516785048e-05
13124.6891725448,8.00507592915739e-05,-2.64830452233856e-05
13384.2697980115,7.69181296358332e-05,-2.59911094715573e-05
13648.9844194329,7.38971577663004e-05,-2.5521672860616e-05
13918.9345771855,7.09829081988742e-05,-2.50725855317682e-05
14194.2238199154,6.81707445480935e-05,-2.46418159944837e-05
14474.9577442583,6.54563122322578e-05,-2.42274479597875e-05
14761.2440353438,6.28355221312882e-05,-2.38276773301308e-05
15053.1925081029,6.03045351148644e-05,-2.34408093317518e-05
15350.9151493902,5.78597473662553e-05,-2.30652557738139e-05
15654.5261609409,5.54977764346339e-05,-2.26995324172735e-05
15964.1420031768,5.32154479556704e-05,-2.23422564355024e-05
16279.8814398786,5.10097829867606e-05,-2.19921439480181e-05
16601.8655837414,4.88779859094771e-05,-2.16480076083686e-05
16930.2179428325,4.68174328576599e-05,-2.13087542271814e-05
17265.0644679664,4.48256606350778e-05,-2.09733824116724e-05
17606.5336010177,4.29003560917365e-05,-2.06409802034674e-05
17954.75632419,4.10393459327083e-05,-2.03107226974135e-05
18309.8662102577,3.92405869378277e-05,-1.99818696251755e-05
18671.999473803,3.75021565746782e-05,-1.96537628887247e-05
19041.2950234654,3.58222439910564e-05,-1.93258240304096e-05
19417.8945152254,3.41991413764447e-05,-1.89975516280554e-05
19801.9424067407,3.2631235685046e-05,-1.86685186054789e-05
20193.5860127584,3.11170007155149e-05,-1.83383694509029e-05
20592.9755616229,2.9654989544772e-05,-1.80068173379499e-05
21000.2642529001,2.8243827315107e-05,-1.76736411461998e-05
21415.6083161438,2.68822043752201e-05,-1.73386823806237e-05
21839.1670708215,2.55688697769314e-05,-1.70018419915637e-05
22271.1029874279,2.43026251299455e-05,-1.66630770992561e-05
22711.5817498052,2.30823188174055e-05,-1.63223976291549e-05
23160.7723186978,2.19068405749229e-05,-1.59798628664752e-05
23618.8469965619,2.07751164354269e-05,-1.56355779404108e-05
24085.9814936588,1.96861040415162e-05,-1.52896902503323e-05
24562.3549954545,1.86387883260651e-05,-1.4942385847939e-05
25048.1502313518,1.76321775606741e-05,-1.45938857907725e-05
25543.5535447835,1.66652997701719e-05,-1.42444424836849e-05
26048.7549646897,1.57371995098468e-05,-1.38943360257866e-05
26563.9482784109,1.48469350004113e-05,-1.35438705810329e-05
27089.331106021,1.39935756139646e-05,-1.31933707909752e-05
27625.1049761319,1.31761997024117e-05,-1.28431782482739e-05
28171.4754031961,1.23938927580132e-05,-1.24936480493553e-05
28728.6519663393,1.16457458939732e-05,-1.21451454441102e-05
29296.8483897517,1.09308546312864e-05,-1.17980425997853e-05
29876.2826246685,1.02483179764899e-05,-1.14527154952262e-05
30467.1769329738,9.59723777351797e-06,-1.11095409604191e-05
31069.7579724555,8.9767183115903e-06,-1.07688938748803e-05
31684.2568837488,8.385866169963e-06,-1.04311445368665e-05
32310.9093789969,7.82379027950086e-06,-1.00966562136827e-05
32949.9558322679,7.28960218034981e-06,-9.76578288155693e-06
33601.6413717574,6.78241645455239e-06,-9.43886716168334e-06
34266.2159738161,6.30135131223201e-06,-9.11623845712546e-06
34943.9345588375,5.84552930998214e-06,-8.79821129336414e-06
35635.05708904,5.41407818032586e-06,-8.48508386339375e-06
36339.8486681859,5.00613175155036e-06,-8.17713677644116e-06
37058.5796432695,4.62083093785604e-06,-7.87463200764458e-06
37791.5257082196,4.25732478056826e-06,-7.5778120443856e-06
38538.9680096497,3.91477152213694e-06,-7.28689922345974e-06
39301.1932547026,3.59233969575159e-06,-7.00209525189556e-06
40078.4938210266,3.28920921462863e-06,-6.72358090301714e-06
40871.1678689262,3.00457244634113e-06,-6.45151587828953e-06
41679.5194557331,2.73763525894678e-06,-6.18603882459881e-06
42503.858652436,2.48761802710065e-06,-5.92726749590663e-06
43344.5016626209,2.25375658779085e-06,-5.67529904766914e-06
44201.7709437604,2.03530313679394e-06,-5.4302104520345e-06
45075.995330904,1.83152705838137e-06,-5.19205902160892e-06
45967.510162814,1.64171568221335e-06,-4.96088302951482e-06
46876.6574105958,1.46517496270797e-06,-4.73670241353264e-06
47803.7858088734,1.30123007745837e-06,-4.51951955231806e-06
48749.2509895576,1.14922594248421e-06,-4.30932010200039e-06
49713.4156182618,1.00852764322548e-06,-4.10607388188188e-06
50696.6495334138,8.78520781222314e-07,-3.90973579846282e-06
51699.3298881213,7.58611737356623e-07,-3.7202467975896e-06
52721.8412948404,6.48227853368317e-07,-3.53753483516048e-06
53764.5759729081,5.46817534090026e-07,-3.36151585750019e-06
54827.9338989911,4.53850273477389e-07,-3.1920947832285e-06
55912.3229605103,3.68816608044511e-07,-3.02916647917766e-06
57018.1591121008,2.91228001751996e-07,-2.87261672365456e-06
58145.8665351643,2.20616666741062e-07,-2.72232315108229e-06
59295.8778005798,1.56535324567418e-07,-2.57815617278297e-06
60468.6340346299,9.85569127700744e-08,-2.43997986937457e-06
61664.5850882111,4.62742417157888e-08,-2.30765285093751e-06
62884.1897093878,-7.00393297957902e-10,-2.18102908176129e-06
64127.9157193629,-4.27356397193636e-08,-2.05995866709824e-06
65396.240191925,-8.01815503065331e-08,-1.94428859993124e-06
66689.6496364474,-1.13370075806098e-07,-1.83386346629885e-06
68008.6401845056,-1.42615583129143e-07,-1.72852610821561e-06
69353.7177801841,-1.68215394595994e-07,-1.62811824367517e-06
70725.3983741508,-1.90450344037019e-07,-1.53248104362906e-06
72124.2081215655,-2.09585345772304e-07,-1.44145566619655e-06
73550.6835839067,-2.25869972744269e-07,-1.35488374867889e-06
75005.3719347863,-2.39539040339505e-07,-1.2726078582299e-06
76488.8311698382,-2.50813192703638e-07,-1.19447190227199e-06
78001.6303207559,-2.59899488623816e-07,-1.12032149994791e-06
79544.3496735647,-2.66991984322494e-07,-1.05000431606356e-06
81117.5809912102,-2.72272310771786e-07,-9.8337035910986e-07
82721.9277405482,-2.75910243396093e-07,-9.20272245054855e-07
84358.0053238274,-2.78064262281447e-07,-8.60565428671241e-07
86026.4413147452,-2.7888210124963e-07,-8.04108404215848e-07
87727.875699178,-2.78501284383543e-07,-7.50762877304308e-07
89462.9611206673,-2.77049648806041e-07,-7.00393909832933e-07
91232.363130765,-2.74645852716651e-07,-6.52870039789544e-07
93036.7604443282,-2.71399867878779e-07,-6.08063377770901e-07
94876.8451998632,-2.67413455924636e-07,-5.65849681986198e-07
96753.32322502,-2.62780628004612e-07,-5.2610841347765e-07
98666.9143073345,-2.57588087454322e-07,-4.88722773231335e-07
100618.352470331,-2.51915655284321e-07,-4.53579722786136e-07
102608.386255079,-2.45836678416432e-07,-4.20569989877998e-07
104637.779007324,-2.39418420696371e-07,-3.89588060581019e-07
106707.309170293,-2.32722436805842e-07,-3.60532159328875e-07
108817.770583294,-2.25804929278833e-07,-3.33304218119701e-07
110969.972786223,-2.18717088897636e-07,-3.07809836126384e-07
113164.741330085,-2.11505418804125e-07,-2.83958230853392e-07
115402.918093669,-2.04212042712513e-07,-2.61662181900665e-07
117685.361606472,-1.96874997651321e-07,-2.40837968316758e-07
120012.947378027,-1.8952851169567e-07,-2.21405300446354e-07
122386.568233724,-1.82203267176967e-07,-2.03287247103392e-07
124807.134657293,-1.74926649875947e-07,-1.86410158829686e-07
127275.575140045,-1.6772298471818e-07,-1.70703587931013e-07
129792.836537031,-1.60613758498515e-07,-1.56100205918134e-07
132359.884430239,-1.53617830163661e-07,-1.42535718919328e-07
134977.703498973,-1.46751629180584e-07,-1.29948781574045e-07
137647.297897568,-1.40029342513128e-07,-1.18280909863893e-07
140369.691640561,-1.33463090721126e-07,-1.07476393287903e-07
143145.928995488,-1.27063093685233e-07,-9.74822067432357e-08
145977.074883453,-1.20837826447792e-07,-8.82479224308159e-08
148864.215287609,-1.14794165645294e-07,-7.97256220669359e-08
151808.45766973,-1.08937526991989e-07,-7.18698096472844e-08
154810.931395011,-1.03271994257281e-07,-6.46373249783869e-08
157872.788165279,-9.78004401619095e-08,-5.79872581633042e-08
160995.202460761,-9.25246396001312e-08,-5.18808652031809e-08
164179.371990606,-8.74453755770401e-08,-4.62814848538435e-08
167426.5181523,-8.25625382324631e-08,-4.11544568568569e-08
170737.886500178,-7.7875217305286e-08,-3.64670416469305e-08
174114.747223195,-7.33817883751599e-08,-3.21883416223549e-08
177558.395632159,-6.9079993202083e-08,-2.8289224051742e-08
181070.152656583,-6.49670144687415e-08,-2.47422456787946e-08
184651.365351378,-6.1039545215568e-08,-2.15215790767323e-08
188303.40741356,-5.72938532444216e-08,-1.86029407952845e-08
192027.679709179,-5.37258407535868e-08,-1.59635213356152e-08
195825.610810672,-5.03310994544027e-08,-1.35819169819468e-08
199698.657544836,-4.71049614083579e-08,-1.14380635129249e-08
203648.305551647,-4.40425458127401e-08,-9.51317181069257e-09
207676.069854128,-4.11388019530436e-08,-7.7896653811708e-09
211783.495439488,-3.83885485311262e-08,-6.25111979496401e-09
215972.157851754,-3.5786509569598e-08,-4.8822040546388e-09
220243.663796126,-3.33273470850269e-08,-3.66862389067158e-09
224599.651755283,-3.10056907151981e-08,-2.59706698514215e-09
229041.792617879,-2.88161644788233e-08,-1.65515011916797e-09
233571.790319474,-2.67534108396604e-08,-8.31368237090899e-10
238191.382496129,-2.4812112240983e-08,-1.15045417538725e-10
242902.341150942,-2.29870102705888e-08,5.0371226135727e-10
247706.473333759,-2.12729226111058e-08,1.03406197808876e-09
252605.621834331,-1.96647579251174e-08,1.48446756346937e-09
257601.665889175,-1.81575288196069e-08,1.86274105681313e-09
262696.521902425,-1.6746363029364e-08,2.17608244608421e-09
267892.144180933,-1.54265129542878e-08,2.43111761803771e-09
273190.525683908,-1.41933636809611e-08,2.63393454675461e-09
278593.698787387,-1.30424396144422e-08,2.79011775126231e-09
284103.73606382,-1.19694098419676e-08,2.90478105503831e-09
289722.751077079,-1.09700923461504e-08,2.98259868214664e-09
295452.899193184,-1.00404571813868e-08,3.0278347265029e-09
301296.378407073,-9.17662872353962e-09,3.04437103229013e-09
307255.430185715,-8.37488709963879e-09,3.03573352484822e-09
313332.340327899,-7.63166890139163e-09,3.00511703239654e-09
319529.439841038,-6.94356728380434e-09,2.95540863973665e-09
325849.105835298,-6.30733154831706e-09,2.88920961558581e-09
332293.762435429,-5.71986630864672e-09,2.80885595542879e-09
338865.881710613,-5.17823033721637e-09,2.7164375817361e-09
345567.984622718,-4.67963519079028e-09,2.61381624309556e-09
352402.641993293,-4.2214437160149e-09,2.50264215325627e-09
359372.4754897,-3.80116853926389e-09,2.38436941032566e-09
366480.158630745,-3.41647065090889e-09,2.26027023543318e-09
373728.41781219,-3.06515820236057e-09,2.13144806914822e-09
381120.033352566,-2.74518564555536e-09,1.99884956292101e-09
388657.840559652,-2.45465335979552e-09,1.86327550193792e-09
396344.730818056,-2.19180793095822e-09,1.72539069525877e-09
404183.65269831,-1.95504327437687e-09,1.5857328692196e-09
412177.613087889,-1.7429028268012e-09,1.44472060125642e-09
420329.678344608,-1.55408307693109e-09,1.30266033411703e-09
428642.975472829,-1.3874387608957e-09,1.15975251572611e-09
437120.693322935,-1.24199012242062e-09,1.01609691894312e-09
445766.08381451,-1.11693273217123e-09,8.71697209829871e-10
454582.463183745,-1.01165048337088e-09,7.26464855285598e-10
463573.213255471,-9.25732539934583e-10,5.8022249458197e-10
472741.782740393,-8.58995220669883e-10,4.3270694958567e-10
482091.68855795,-8.11510074310481e-10,2.83572122800287e-10
491626.517185356,-7.83639756645764e-10,1.32392141748645e-10
501349.926033313,-7.76083792050869e-10,-2.13347312350148e-11
511265.644848936,-7.89936927598026e-10,-1.78180669210105e-10
521377.477146434,-8.26763624504763e-10,-3.38780230297725e-10
531689.30166606,-8.88693356948493e-10,-5.03818076804596e-10
542205.073861959,-9.78542911949181e-10,-6.74010100592248e-10
552928.827419395,-1.09997396153262e-09,-8.50074472428982e-10
563864.675802026,-1.25769703169976e-09,-1.03268746060189e-09
575016.813829757,-1.45773694131754e-09,-1.22241634731812e-09
586389.519287808,-1.70778029150966e-09,-1.41961795470314e-09
597987.154567604,-2.01763333078179e-09,-1.62428545373477e-09
609814.168340123,-2.39982950385928e-09,-1.83581711251603e-09
621875.097262337,-2.87044170239058e-09,-2.05266656759972e-09
634174.567717394,-3.45017690795398e-09,-2.27181198537585e-09
646717.297589242,-4.16586393211325e-09,-2.48794596499376e-09
659508.098072315,-5.05249346447604e-09,-2.69223047968617e-09
672551.875517049,-6.15604153374198e-09,-2.87036648752173e-09
685853.633311873,-7.53741492693577e-09,-2.99956959413519e-09
699418.473802431,-9.27801883849728e-09,-3.04377389411815e-09
713251.600248763,-1.14876917768686e-08,-2.94591903175362e-09
727358.318821193,-1.43161239356437e-08,-2.61534784411224e-09
741744.040635696,-1.79694359029492e-08,-1.90684050041677e-09
756414.283829507,-2.27344283459165e-08,-5.85015568913273e-10
771374.675677811,-2.90142042307138e-08,1.73752972222075e-09
786630.954752252,-3.7380399609937e-08,5.71057907213442e-09
802188.973122183,-4.86486597869174e-08,1.24492047568633e-08
818054.698599413,-6.39830486534464e-08,2.39200445421794e-08
834234.217027371,-8.50233830448947e-08,4.37071530775154e-08
850733.734615546,-1.1397641016228e-07,7.86051839597072e-08
867559.580320074,-1.53402548553837e-07,1.42130394020803e-07
884718.208271451,-2.04604543135105e-07,2.62819619939151e-07
902216.200250211,-2.60036043197716e-07,5.05599977387269e-07
920060.268211613,-2.68493200743235e-07,1.0327924643246e-06
938257.256860233,4.30796437185542e-08,2.29929249239173e-06
956814.146275486,2.29634757723995e-06,5.72195340763215e-06
975738.054589076,1.92920358628003e-05,1.51607629507037e-05
995036.240715398,0.000687810892079269,0.00016627539597569
1014716.10713595,6.32393138724509e-05,-2.38892961187733e-05
1034785.2027388,5.94928576262626e-06,-8.87171491055594e-06
1055251.22571423,4.19540388818181e-07,-3.12734733520689e-06
1076122.02650763,-2.4825632655376e-07,-1.21327512575594e-06
1097405.61083081,-2.61058099653708e-07,-5.13022642392673e-07
1119110.14273287,-1.92360037400551e-07,-2.28737715778391e-07
1141243.94773181,-1.31415699517529e-07,-1.04222712286046e-07
1163815.51600804,-8.80109006409836e-08,-4.68914529542238e-08
1186833.50566109,-5.87710771374742e-08,-1.97360365959485e-08
1210306.74603077,-3.9353868472763e-08,-6.78056286734124e-09
1234244.24108387,-2.64609714146245e-08,-7.19736355855545e-10
1258655.17286803,-1.78556908758403e-08,1.93316584478016e-09
1283548.90503377,-1.2073132360011e-08,2.8950651998693e-09
1308934.9864263,-8.16228511069859e-09,3.02928992611144e-09
1334823.15474823,-5.50487019311904e-09,2.77439691536941e-09
1361223.34029485,-3.69691388973137e-09,2.3523346785634e-09
1388145.66976326,-2.4733268508961e-09,1.87248301263359e-09
1415600.47013673,-1.66039636887335e-09,1.38484758262192e-09
1443598.27264605,-1.14619208913739e-09,9.07713152153763e-10
1472149.81680909,-8.62690574697378e-10,4.42188887462357e-10
1501266.05455036,-7.76059543969525e-10,-2.00091687336644e-11
1530958.15440194,-8.83467253959373e-10,-4.92062228275098e-10
1561237.5057876,-1.21649556453159e-09,-9.88515355132864e-10
1592115.72339158,-1.85334046916889e-09,-1.52025827002356e-09
1623604.65161382,-2.94546589800163e-09,-2.08369742619856e-09
1655716.36911325,-4.77124081080557e-09,-2.63403304180282e-09
1688463.19344102,-7.84389230802678e-09,-3.01620356163878e-09
1721857.68576529,-1.3134714315514e-08,-2.77883018871869e-09
1755912.6556895,-2.25509123525636e-08,-6.43412709097664e-10
1790641.16616595,-3.99872408207079e-08,7.1341867564118e-09
1826056.53850651,-7.36030093505129e-08,3.23940710482799e-08
1862172.35749251,-1.39585371779609e-07,1.17532256657244e-07
1899002.47658561,-2.50777564856444e-07,4.47077953350747e-07
1936561.0232418,-2.01423174583014e-08,2.1260525001992e-06
1974862.40433044,1.74532708838203e-05,1.45303474944828e-05
2013921.31166054,7.09579536650003e-05,-2.50687532603175e-05
2053752.7276163,5.47910804141377e-07,-3.36345978603251e-06
2094371.93090408,-2.68567450060316e-07,-5.77100899405264e-07
2135794.50241315,-1.44664899484356e-07,-1.26259203846727e-07
2178036.3311922,-6.85043659902009e-08,-2.77821388653268e-08
2221113.62054415,-3.28491489052395e-08,-3.44192921658353e-09
2265042.89424151,-1.61360708318633e-08,2.29872552615634e-09
2309841.00286461,-8.04992450669347e-09,3.02514882985626e-09
2355525.13026526,-4.02759228054546e-09,2.45016772717569e-09
2402112.80015811,-2.01470257417312e-09,1.62250808449687e-09
2449621.8828426,-1.06822740512069e-09,8.07941369486874e-10
2498070.60205764,-7.76293811870595e-10,3.04932698549119e-11
2547477.54197197,-1.0343302236491e-09,-7.6022763991607e-10
2597861.65431277,-2.01395432041398e-09,-1.62205387400456e-09
2649242.26563522,-4.3273622848756e-09,-2.52989713865756e-09
2701639.0847359,-9.60046725960169e-09,-3.03946356470032e-09
2755072.21021274,-2.22469853737413e-08,-7.3886804846719e-10
2809562.13817455,-5.52189875501947e-08,1.70512178706e-08
2865129.77010297,-1.47028168624966e-07,1.30442393910573e-07
2921796.42087002,-2.60946055966149e-07,1.11082158805856e-06
2979583.82691408,3.0292320643749e-05,1.81529775264455e-05
3038514.15457768,3.92571202964038e-06,-7.29636991329889e-06
3098610.00861015,-2.57748278575778e-07,-4.89791433424807e-07
3159894.44083846,-9.43504319211937e-08,-5.39604320224023e-08
3222390.95900954,-3.216034602822e-08,-3.12081551406753e-09
3286123.53580745,-1.15996451209909e-08,2.93695047680006e-09
3351116.618049,-4.30402440972885e-09,2.52397527069456e-09
3417395.13606105,-1.61902473129211e-09,1.35358419630111e-09
3484984.51324351,-8.00890557373714e-10,2.37629769600546e-10
3553910.67582129,-1.11268683429253e-09,-8.6633759669753e-10
3624200.0627892,-2.97176179656244e-09,-2.09436953837933e-09
3695879.63605356,-8.78720543562307e-09,-3.04319276618435e-09
3768976.89077434,-2.78936876751686e-08,1.27895725401872e-09
3843519.86591187,-1.00251677271884e-07,6.09262172569106e-08
3919537.15498217,-2.70295971104833e-07,1.01050602294658e-06
3997057.91702496,0.00335263900794605,-0.00025729077410708
4076111.88778859,-2.48183573796846e-07,-1.21379958539842e-06
4156729.39113625,-9.9808408773844e-08,-6.03899318921584e-08
4238941.35067767,-2.45114668445229e-08,-9.40057859951938e-12
4322779.30163102,-6.60855272342339e-09,2.92310976435986e-09
4408275.40291922,-1.84294942391625e-09,1.51335734146405e-09
4495462.44950567,-7.78158512017937e-10,7.17212532023817e-11
4584373.88497387,-1.65979617030528e-09,-1.38440021092973e-09
4675043.81435582,-6.39346725100488e-09,-2.89938818700253e-09
4767507.01721426,-2.72298396568164e-08,1.01600896327952e-09
4861798.96098344,-1.38670216953586e-07,1.15997459767491e-07
4957955.81457397,2.62438642715501e-06,6.0701054019563e-06
5056014.46224661,3.61278972369707e-07,-3.01431005567819e-06
5156012.51776051,-1.01088664898052e-07,-6.1944664713074e-08
5257988.33880124,-1.8046118379962e-08,1.88894693906532e-09
5361981.04169419,-3.65508169715398e-09,2.33915774474316e-09
5468030.51640901,-8.90730474502684e-10,5.08325456551581e-10
5576177.44186075,-1.48102367498722e-09,-1.24237089062577e-09
5686463.3015137,-7.60789313280386e-09,-3.00375424862287e-09
5798930.39929369,-4.60168196528039e-08,1.07416820970448e-08
5913621.87581533,-2.78897226207232e-07,7.92743974734972e-07
6030581.72493,9.4760011097856e-06,-1.10440625826482e-05
6149854.81060126,-1.12789685159929e-07,-7.69928796064361e-08
6271486.8841139,-1.45780939127571e-08,2.57447903327e-09
6395524.60162344,-2.21834726141664e-09,1.74006606876764e-09
6522015.54205273,-8.29870714383954e-10,-3.48949390264281e-10
6651008.22534241,-4.44409368627079e-09,-2.55882547571171e-09
6782552.13106252,-3.491553763069e-08,4.44332921576026e-09
6916697.7173919,-2.76841578614368e-07,8.98576952844131e-07
7053496.44047334,5.71882439105791e-07,-3.40581915907038e-06
7193000.77415124,-5.28332894918341e-08,-1.53250006627366e-08
7335264.2300998,-5.46823309952999e-09,2.76823894270468e-09
7480341.37834923,-8.18860834229185e-10,3.11409842801214e-10
7628287.86821798,-3.15897880003868e-09,-2.16744561616507e-09
7779160.44965898,-3.2998998615751e-08,3.51263672717183e-09
7933016.99502789,-1.20256248736316e-07,1.80981971276259e-06
8089916.52128221,-2.76515591211335e-07,-6.87855599447823e-07
8249919.21261916,-2.05298531410583e-08,1.24800900708731e-09
8413086.4435614,-1.72052697908543e-09,1.42879224401412e-09
8579480.80249934,-1.55000223536586e-09,-1.29938003793471e-09
8749166.11569909,-2.02308319318461e-08,-1.33129577760688e-09
8922207.47178517,-2.58776237526657e-07,1.13025455217405e-06
9098671.24670752,-2.57575878354515e-07,-4.88641517910001e-07
9278625.1292023,-1.30360398828805e-08,2.79089242366058e-09
9462138.14675613,-9.38054311557602e-10,6.03450910354341e-10
9649280.69208403,-4.32986875309796e-09,-2.5305303696804e-09
9840124.55013096,-9.43822540730242e-08,5.39969922582058e-08
10034742.9256074,5.97722470108799e-06,-8.89139301613809e-06
10233210.4710694,-2.69119744123511e-08,-8.92439269496077e-10
10435603.3155544,-1.26630519777964e-09,1.04165636125251e-09
10641999.0937829,-3.88035893836477e-09,-2.40795664788257e-09
10852476.9759379,-1.17564023713944e-07,8.35782870117938e-08
11067117.6980337,-1.23342812654776e-07,-1.79890011581525e-06
11286003.5928844,-1.16212650774497e-08,2.93517683099066e-09
11509218.6216859,-7.85286968306455e-10,-1.45767583516534e-10
11736848.4062221,-1.66261121144473e-08,-2.20087709419288e-09
11968980.2617077,9.02663493448593e-06,1.07968137428324e-05
12205703.2302815,-4.25344826956051e-08,-8.60554294982713e-09
12447108.115161,-1.0995010186441e-09,8.49463054316827e-10
12693287.5154736,-8.44483334099316e-09,-3.03746177457468e-09
12944335.8617756,3.87461164017796e-07,3.06561126497382e-06
13200349.452275,-4.65850072688746e-08,-1.1103609793679e-08
13461426.4897692,-9.44357694445297e-10,6.14985331456679e-10
13727667.1193148,-1.43856858105743e-08,-2.60465519852506e-09
13999173.4666411,-0.00670693822366658,-0.00782482241300863
14276049.6773242,-1.35715735860787e-08,2.72243188320803e-09
14558401.9567356,-1.17441748416235e-09,-9.41057319450163e-10
14846338.6107808,-1.05405307084867e-07,6.73188639011857e-08
15139970.0874438,-1.34408780333087e-07,-1.08997512794988e-07
15439409.0191533,-1.2066853613547e-09,9.77674862531778e-10
15744770.2659867,-1.8857158426621e-08,-1.69259270048252e-09
16056170.9597284,3.49880507415023e-07,-2.99170641427807e-06
16373730.5488001,-3.06506058083631e-09,2.13140997183934e-09
16697570.844079,-9.01831251652316e-09,-3.04456292043027e-09
17027816.0656228,1.28970809591144e-05,-1.27201409794139e-05
17364592.8903185,-3.51455769139258e-09,2.29348607357098e-09
17708030.5004733,-1.05953130369087e-08,-3.00410855317387e-09
18058260.6333677,2.13876544348189e-07,-2.70753317966181e-06
18415417.6317869,-1.66468319608072e-09,1.38803770208766e-09
18779638.4955533,-3.32621361873287e-08,3.63752949537403e-09
19151062.9340774,-1.10391857594899e-07,-7.37842076837559e-08
19529833.4199475,-8.7568045269192e-10,-4.73995625812075e-10
19916095.2435812,-2.77611031985096e-07,8.76659517562872e-07
20309996.5689549,-8.03079319881962e-09,3.02439231431082e-09
20711688.4904387,-1.12125657847917e-08,-2.96640569181536e-09
21121325.0907527,-1.85456928980214e-07,-2.11188233750969e-07
21539063.5000715,-9.48772514355813e-10,-6.22933030932443e-10
21965063.9562966,5.85064496089991e-06,8.80185118871291e-06
22399489.8665208,-2.09320194774083e-09,1.66921536434582e-09
22842507.8697091,-9.84643219491865e-08,5.87768160386583e-08
23294287.9006184,-1.02225714841522e-08,3.02113995530697e-09
23755003.2549823,-2.22222445638571e-08,-7.46569058750432e-10
24224830.655984,-3.08875269891397e-08,-2.54450747479526e-09
24703950.3220452,-9.94848070176709e-09,-3.0308019161795e-09
25192546.0359543,-5.32483959903887e-08,-1.56208733953102e-08
25690805.2153635,-8.12990114793502e-09,-3.0281491214445e-09
26198918.9846784,-4.77361034724357e-08,-1.18481922716819e-08
26717082.2483708,-1.21922707293582e-08,-2.88353668879277e-09
27245493.7657411,-2.20447838583879e-08,8.01498886580593e-10
27784356.227159,-3.59834865749909e-08,4.98281849541225e-09
28333876.3318121,-5.58436542423921e-09,2.78746943484932e-09
28894264.8669931,-2.35882468665908e-07,3.73877124709689e-07
29465736.7889541,-9.08129570980522e-10,5.45277775221776e-10
30048511.3053606,1.18611757937049e-06,-4.36118167368934e-06
30642811.9593757,-3.92808421281782e-09,-2.42186972517369e-09
31248866.7154087,-2.08797798612262e-08,1.14848761182944e-09
31866908.0465575,-1.51670348326143e-07,1.38894594848937e-07
32497173.0237822,-7.76765696304146e-10,4.46802438026907e-11
33139903.4068421,-1.34567189032487e-07,-1.09253445167773e-07
33795345.7370309,-4.32972364915189e-08,9.06124778580562e-09
34463751.4317452,-9.2423844254432e-10,5.77340631021585e-10
35145376.880925,-1.2213254196856e-07,-9.01298084456055e-08
35840483.5454011,-9.49858776557034e-08,5.46925391990549e-08
36549338.0571871,-1.05580596484447e-09,-7.90808748950423e-10
37272212.3217546,-1.44129402874945e-08,2.60043427318606e-09
38009383.6223327,0.000157908015435761,-4.12052733496946e-05
38761134.7262696,-2.45417857057719e-08,1.99888737498351e-11
39527753.9934972,-8.62084439118042e-10,-4.4064778543489e-10
40309535.4871414,-8.08763361480796e-09,3.02659601891069e-09
41106779.0863204,-2.32488298152492e-07,-3.59567565966288e-07
41919790.6011738,-2.69448078500461e-07,1.02123541705585e-06
42748881.8901659,-2.01388630586424e-08,-1.35658361062427e-09
43594370.9797106,-1.91458303042102e-09,-1.56012189707001e-09
44456582.1861607,-9.90721211029182e-10,6.9378486983729e-10
45335846.2402107,-5.42027025453663e-09,2.76004874677322e-09
46232500.4137598,-2.72265269719151e-08,-1.01471332263892e-09
47146888.6492845,-1.18896833576953e-07,-8.54640782393463e-08
48079361.6917695,-2.66256715452334e-07,-1.05806467975148e-06
49030277.2232473,9.8017877328765e-06,-1.12188724941561e-05
50000000,-0.0123012738451377,4.09939370657776e-13
