Time_s,Output
0,0
0.001001,0.434862145575964
0.002001,0.0060140948706022
0.003002,6.00347560895306e-05
0.004002,4.90835382717658e-07
0.005003,2.12149292589444e-09
0.006003,-2.21124306516697e-11
0.007004,-9.25085172898659e-13
0.008004,-1.8865331677639e-14
0.009005,-3.25210340246633e-16
0.010005,-5.00278975700463e-18
0.011006,-7.27678473632907e-20
0.012006,-1.00485478756711e-21
0.013007,-1.33614454674267e-23
0.014007,-1.71870062550955e-25
0.015008,-2.13114585753218e-27
0.016008,-2.57141170626146e-29
0.017009,-2.96595733662096e-31
0.018009,-3.31572995961459e-33
0.01901,-3.45733677980943e-35
0.02001,-3.39866791102953e-37
0.021011,-2.84098876335023e-39
0.022011,-1.80515282823812e-41
0.023012,1.83595085337641e-44
0.024012,3.08343593004269e-45
0.025013,7.5524254159099e-47
0.026013,1.35191190433659e-48
0.027014,2.17458583552369e-50
0.028014,3.21258719412856e-52
0.029015,4.52755671961922e-54
0.030015,6.10574636874641e-56
0.031016,7.94015984058291e-58
0.032016,1.00167429027768e-59
0.033017,1.21627753414001e-61
0.034017,1.43708832385912e-63
0.035018,1.61506552362739e-65
0.036018,1.75151088530853e-67
0.037019,1.74491122266057e-69
0.038019,1.60091300976012e-71
0.03902,1.14219033977767e-73
0.04002,3.82126765617565e-76
0.041021,-9.49918477853408e-78
0.042021,-2.82854466992423e-79
0.043022,-5.61153715453588e-81
0.044022,-9.25727125285088e-83
0.045023,-1.41493376306564e-84
0.046023,-2.02280876138273e-86
0.047024,-2.77378519382275e-88
0.048024,-3.66060511998776e-90
0.049025,-4.66039870203696e-92
0.050025,-5.76655633038717e-94
0.051026,-6.85154475731553e-96
0.052026,-7.91385188867359e-98
0.053027,-8.63506834805852e-100
0.054027,-9.02706494867365e-102
0.055028,-8.46873911644187e-104
0.056028,-6.99871555328197e-106
0.057029,-3.57734151499237e-108
0.058029,1.71115462058387e-110
0.05903,1.03895048150271e-111
0.06003,2.23054766411143e-113
0.061031,3.93685685406655e-115
0.062031,6.13392313725868e-117
0.063032,9.00713500273739e-119
0.064032,1.25236586143133e-120
0.065033,1.6757065254304e-122
0.066033,2.16699765407979e-124
0.067034,2.70210242045612e-126
0.068034,3.27813889463867e-128
0.069035,3.80600049405364e-130
0.070035,4.2864428721785e-132
0.071036,4.51713266925165e-134
0.072036,4.50740483785315e-136
0.073037,3.88248870334318e-138
0.074037,2.66795746914927e-140
0.075038,2.61683035955841e-143
0.076038,-3.28420925133508e-144
0.077039,-8.81447607671731e-146
0.078039,-1.62390296335452e-147
0.07904,-2.65545757291562e-149
0.08004,-3.96249845378074e-151
0.081041,-5.62946786027228e-153
0.082041,-7.63859031827467e-155
0.083042,-9.99203948334873e-157
0.084042,-1.26711701026204e-158
0.085043,-1.54739315419895e-160
0.086043,-1.83893967994899e-162
0.087044,-2.0818307426274e-164
0.088044,-2.27745698727833e-166
0.089045,-2.29955151200008e-168
0.090045,-2.15489913064188e-170
0.091046,-1.62028279825554e-172
0.092046,-7.12212594341216e-175
0.093047,9.13738526480398e-177
0.094047,3.22578986972327e-178
0.095048,6.68532978188499e-180
0.096048,1.12396983626513e-181
0.097049,1.73948732036848e-183
0.098049,2.5074518016712e-185
0.09905,3.46269620956282e-187
0.10005,4.59578153394779e-189
0.101051,5.88419617140285e-191
0.102051,7.31903885401668e-193
0.103052,8.74815799539302e-195
0.104052,1.01686893835615e-196
0.105053,1.11889780122035e-198
0.106053,1.18225771739054e-200
0.107054,1.12938600427698e-202
0.108054,9.64973428520836e-205
0.109055,5.57715145869328e-207
0.110055,-8.19466796803733e-210
0.111056,-1.14850197061024e-210
0.112056,-2.62283661471039e-212
0.113057,-4.75250343997462e-214
0.114057,-7.50709555720935e-216
0.115058,-1.11341671516655e-217
0.116058,-1.55915242565149e-219
0.117059,-2.09957430255326e-221
0.118059,-2.72978588329286e-223
0.11906,-3.42294571854501e-225
0.12006,-4.17507678405536e-227
0.121061,-4.87850727925042e-229
0.122061,-5.53363399916664e-231
0.123062,-5.89023050160346e-233
0.124062,-5.95928009948435e-235
0.125063,-5.27106560063128e-237
0.126063,-3.85689109556661e-239
0.127064,-9.53770278030745e-242
0.128064,3.37339541514826e-243
0.129065,1.02078088303389e-244
0.130065,1.94359753343424e-246
0.131066,3.23584049551853e-248
0.132066,4.88017044213468e-250
0.133067,6.99146888502155e-252
0.134067,9.54678521312866e-254
0.135068,1.25627721023682e-255
0.136068,1.60147710963124e-257
0.137069,1.96681529906463e-259
0.138069,2.35070904690395e-261
0.13907,2.68008255681358e-263
0.14007,2.95637042775709e-265
0.141071,3.02269553635534e-267
0.142071,2.88718149927576e-269
0.143072,2.26909753655508e-271
0.144072,1.18878041016111e-273
0.145073,-7.91689451802233e-276
0.146073,-3.63258822265974e-277
0.147074,-7.92814080150189e-279
0.148074,-1.36117857175583e-280
0.149075,-2.13491709864829e-282
0.150075,-3.104270611394e-284
0.151076,-4.31821464077e-286
0.152076,-5.76449437410663e-288
0.153077,-7.4227544292481e-290
0.154077,-9.28106342315976e-292
0.155078,-1.11586976003401e-293
0.156078,-1.30508368579301e-295
0.157079,-1.44765207550856e-297
0.158079,-1.54510332054041e-299
0.15908,-1.50067778600448e-301
0.16008,-1.32005772249266e-303
0.161081,-8.37556574277251e-306
0.162081,-6.61036096444659e-309
0.163082,1.24246388682564e-309
0.164082,3.06416833470894e-311
0.165083,5.71941982089676e-313
0.166083,9.16544101998392e-315
0.167084,1.35971766866718e-316
0.168084,-2.36104090834615e-319
0.169085,-2.57091999469951e-318
0.170085,-2.4521910793474e-318
0.171086,-2.34005794036727e-318
0.172086,-2.23385358913724e-318
0.173087,1.68818278658787e-318
0.174087,1.62922099241318e-318
0.175088,1.55288785013071e-318
0.176088,1.48105070522539e-318
0.177089,1.41308703498347e-318
0.178089,1.34909071187765e-318
0.17909,1.28817735840188e-318
0.18009,1.23096949726992e-318
0.181091,-7.31157867967544e-319
0.182091,-6.96247189432401e-319
0.183092,-6.62581556324779e-319
0.184092,-6.30136265362384e-319
0.185093,-6.00018023591902e-319
0.186093,-5.71816756527284e-319
0.187094,-5.4453445156393e-319
0.188094,-5.19149358680607e-319
0.189095,-4.95108124353972e-319
0.190095,-4.72361342019441e-319
0.191096,-4.50839842486596e-319
0.192096,-4.30509041160229e-319
0.193097,-4.11280006224087e-319
0.194097,-3.93538108881928e-319
0.195098,-3.76453318848738e-319
0.196098,-3.60341838137855e-319
0.197099,-3.44847939484273e-319
0.198099,-3.30584264288836e-319
0.1991,-3.16834417365075e-319
0.2001,-3.0393436335216e-319
0.201101,-2.91943390127593e-319
0.202101,-2.80411897953658e-319
0.203102,-2.69656088843694e-319
0.204102,-2.59256006998736e-319
0.205103,-2.49774887255042e-319
0.206103,-2.40921230881567e-319
0.207104,-2.32171328293719e-319
0.208104,1.67590525528872e-318
0.209105,1.6339590819568e-318
0.210105,1.55762593967432e-318
0.211106,1.48529472912316e-318
0.212106,1.41716307656166e-318
0.213107,1.35290983932e-318
0.214107,1.29196684190548e-318
0.215108,1.23432914366164e-318
0.216108,-7.32328803548188e-319
0.217109,-6.98406256304728e-319
0.218109,-6.64582522190436e-319
0.21911,-6.31998892847206e-319
0.22011,-6.01811481886306e-319
0.221111,-5.73442232502101e-319
0.222111,-5.46204393446873e-319
0.223112,-5.2060191167938e-319
0.224112,-4.96535974070453e-319
0.225113,-4.73680497293837e-319
0.226113,-4.52119472509325e-319
0.227114,-4.3171950199254e-319
0.228114,-4.12465763774106e-319
0.229115,-3.94679400523821e-319
0.230115,-3.77461212766254e-319
0.231116,-3.6119657170516e-319
0.232116,-3.45747138959704e-319
0.233117,-3.31355006696349e-319
0.234117,-3.17590337803212e-319
0.235118,-3.04828622171132e-319
0.236118,-2.92600497436561e-319
0.237119,-2.80970192133458e-319
0.238119,-2.70313196152663e-319
0.23912,-2.60031690062706e-319
0.24012,-2.50362825373593e-319
0.241121,-2.41509169000118e-319
0.242121,-2.32690097221852e-319
0.243122,1.64560914988573e-318
0.244122,1.63889973841521e-318
0.245123,1.56208241179981e-318
0.246123,1.48973637927928e-318
0.247124,1.42128358404797e-318
0.248124,1.35686236448673e-318
0.249125,1.29549941127325e-318
0.250125,1.23775301858732e-318
0.251126,-7.32323862891729e-319
0.252126,-7.00619670398096e-319
0.253127,-6.66583488056093e-319
0.254127,-6.34069027903281e-319
0.255128,-6.03580236898417e-319
0.256128,-5.75181343575462e-319
0.257129,-5.4795832648961e-319
0.258129,-5.2215821846378e-319
0.25913,-4.97889713940058e-319
0.26013,-4.75093525040943e-319
0.261131,-4.53334873998094e-319
0.262131,-4.32905259542559e-319
0.263132,-4.136663432935e-319
0.264132,-3.95815751509256e-319
0.265133,-3.78464166027312e-319
0.266133,-3.62174821683926e-319
0.267134,-3.46710566969095e-319
0.268134,-3.32288790766989e-319
0.269135,-3.18390724149475e-319
0.270135,-3.05698177707813e-319
0.271136,-2.93386061813449e-319
0.272136,-2.81726112571596e-319
0.273137,-2.70901134271214e-319
0.274137,-2.60664094089383e-319
0.275138,-2.50916178896935e-319
0.276138,-2.41993353333043e-319
0.277139,-2.33139696959567e-319
0.278139,1.58206736717409e-318
0.27914,1.64377616633966e-318
0.28014,1.56661299377218e-318
0.281141,1.49404463171101e-318
0.282141,1.42552266728929e-318
0.283142,1.36073583915013e-318
0.284142,1.29913573442664e-318
0.285143,1.241176893513e-318
0.286143,-7.30495820002117e-319
0.287144,-7.0294177893355e-319
0.288144,-6.68559750639458e-319
0.289145,-6.36084815738313e-319
0.290145,-6.0540827978803e-319
0.291146,-5.76821641519655e-319
0.292146,-5.49692496906512e-319
0.293147,-5.23689821965888e-319
0.294147,-4.9940649547279e-319
0.295148,-4.76368214407213e-319
0.296148,-4.54688613867699e-319
0.297149,-4.3414536431362e-319
0.298149,-4.14916329377479e-319
0.29915,-3.96853289365523e-319
0.30015,-3.79531347822329e-319
0.301151,-3.63059199189982e-319
0.302151,-3.47644351039735e-319
0.303152,-3.33044711205126e-319
0.304152,-3.19191110495737e-319
0.305153,-3.06488682741159e-319
0.306153,-2.94146922908045e-319
0.307154,-2.82457329727441e-319
0.308154,-2.71553300923724e-319
0.309155,-2.61523768313147e-319
0.310155,-2.51612811457572e-319
0.311156,-2.42428131101383e-319
0.312156,-2.33623881292492e-319
0.313157,1.4579778395646e-318
0.314157,1.64865753492057e-318
0.315158,1.57114357574454e-318
0.316158,1.49833312151691e-318
0.317159,1.42951965836415e-318
0.318159,1.36459943250061e-318
0.31916,1.30277205758003e-318
0.32016,1.24469958156785e-318
0.321161,-7.25001810020362e-319
0.322161,-7.0512060843171e-319
0.323162,-6.70570597818032e-319
0.324162,-6.38184594733138e-319
0.325163,-6.07177034800142e-319
0.326163,-5.78565693249475e-319
0.327164,-5.5131797288133e-319
0.328164,-5.25310357284247e-319
0.329165,-5.00859048471564e-319
0.330165,-4.77791123467236e-319
0.331166,-4.5599294717272e-319
0.332166,-4.35459578931558e-319
0.333167,-4.16195959400208e-319
0.334167,-3.9792047116054e-319
0.335168,-3.80573826335054e-319
0.336168,-3.64076974420415e-319
0.337169,-3.48652244957251e-319
0.338169,-3.33914266741806e-319
0.33917,-3.20035962750126e-319
0.34017,-3.0729400974388e-319
0.341171,-2.94868258750973e-319
0.342171,-2.83396054454539e-319
0.343172,-2.7224993348436e-319
0.344172,-2.62210519560866e-319
0.345173,-2.52215571545498e-319
0.346173,-2.43085238410352e-319
0.347174,-2.34078421686666e-319
0.348174,1.21207642697295e-318
0.349175,1.65345985299815e-318
0.350175,1.57581249609774e-318
0.351176,1.50259196738407e-318
0.352176,1.43356605600359e-318
0.353177,1.36842844125588e-318
0.354177,1.30647260926738e-318
0.355178,1.24826673553083e-318
0.356178,-7.12338907517451e-319
0.357179,-7.07254972021744e-319
0.358179,-6.72571563683689e-319
0.35918,-6.40121332064836e-319
0.36018,-6.09005077689754e-319
0.361181,-5.80191169224293e-319
0.362181,-5.52908864260939e-319
0.363182,-5.27118637548026e-319
0.364182,-5.02336304752629e-319
0.365183,-4.79204151214342e-319
0.366183,-4.57312102447116e-319
0.367184,-4.36734268297828e-319
0.368184,-4.17302666446892e-319
0.369185,-3.99027178207224e-319
0.370185,-3.81532313687986e-319
0.371186,-3.65010758491055e-319
0.372186,-3.49758952003935e-319
0.373187,-3.3477394096557e-319
0.374187,-3.20806705157638e-319
0.375188,-3.0813392134181e-319
0.376188,-2.95599475906818e-319
0.377189,-2.84260669334761e-319
0.378189,-2.72907040793329e-319
0.37919,-2.62670000611499e-319
0.38019,-2.52640468000921e-319
0.381191,-2.43569422743276e-319
0.382191,-2.34592249958341e-319
0.383192,7.44497640405258e-319
0.384192,1.65836098420489e-318
0.385193,1.58041224726052e-318
0.386193,1.50702373622726e-318
0.387194,1.43760751298657e-318
0.388194,1.37234144117094e-318
0.389195,1.31017316095473e-318
0.390195,1.25172519505171e-318
0.391196,-6.86464689644745e-319
0.392196,-7.09433801519904e-319
0.393197,-6.74641698739764e-319
0.394197,-6.42171704495077e-319
0.395198,-6.10907230426243e-319
0.396198,-5.81920398984737e-319
0.397199,-5.54529399579298e-319
0.398199,-5.286304784243e-319
0.3992,-5.03956840070988e-319
0.4002,-4.80632000930823e-319
0.401201,-4.58695486255472e-319
0.402201,-4.38078126854516e-319
0.403202,-4.18443958088785e-319
0.404202,-4.00138825910367e-319
0.405203,-3.82530326292585e-319
0.406203,-3.65979127156903e-319
0.407204,-3.50717439356867e-319
0.408204,-3.3570772503621e-319
0.409205,-3.21597210190984e-319
0.410205,-3.08914545062239e-319
0.411206,-2.96266464528703e-319
0.412206,-2.84972123864773e-319
0.413207,-2.7358885138459e-319
0.414207,-2.63366633172135e-319
0.415208,-2.53302515966349e-319
0.416208,-2.44137598235994e-319
0.417209,-2.35081374947724e-319
0.418209,-2.26953995073635e-319
0.41921,1.66327693738101e-318
0.42021,1.58504658301851e-318
0.421211,1.51149008966567e-318
0.422211,1.44183671491497e-318
0.423212,1.37625938174246e-318
0.424212,1.31403675430521e-318
0.425213,1.25516389194677e-318
0.426213,-6.33797291798068e-319
0.427214,-7.11543461827646e-319
0.428214,-6.76716774452297e-319
0.429215,-6.44039272636357e-319
0.430215,-6.12804442506273e-319
0.431216,-5.83624925462889e-319
0.432216,-5.56159816210574e-319
0.433217,-5.30107734705365e-319
0.434217,-5.05483502916638e-319
0.435218,-4.82148782463556e-319
0.436218,-4.60182623849454e-319
0.437219,-4.39337994251412e-319
0.438219,-4.19614893669429e-319
0.43922,-4.01210948361843e-319
0.44022,-3.83641973995728e-319
0.441221,-3.66991961730878e-319
0.442221,-3.51754977213134e-319
0.443222,-3.36527874008307e-319
0.444222,-3.22437121788914e-319
0.445223,-3.09640821561626e-319
0.446223,-2.96987800371632e-319
0.447224,-2.85441486228322e-319
0.448224,-2.74221255411267e-319
0.449225,-2.63984215229436e-319
0.450225,-2.53722471765314e-319
0.451226,-2.44853993422463e-319
0.452226,-2.35600143875857e-319
0.453227,-2.27532051879269e-319
0.454227,1.66828676302985e-318
0.455228,1.58961669024254e-318
0.456228,1.51598608704282e-318
0.457229,1.44604615421754e-318
0.458229,1.38033048266419e-318
0.45923,1.31770272139736e-318
0.46023,1.25863717343703e-318
0.461231,-5.32563240965196e-319
0.462231,-7.13727231982265e-319
0.463232,-6.78826434760039e-319
0.464232,-6.46010594563264e-319
0.465233,-6.14820230341306e-319
0.466233,-5.85275104719999e-319
0.467234,-5.57740826277266e-319
0.468234,-5.31668982146224e-319
0.469235,-5.06980521823537e-319
0.470235,-4.83626038744621e-319
0.471236,-4.615314230626e-319
0.472236,-4.40578099022473e-319
0.473237,-4.20761125967781e-319
0.474237,-4.02253426874568e-319
0.475238,-3.84590580035743e-319
0.476238,-3.6795044908381e-319
0.477239,-3.52664058001482e-319
0.478239,-3.37407310857904e-319
0.47924,-3.23326439951429e-319
0.48024,-3.10431326594972e-319
0.481241,-2.97649848337059e-319
0.482241,-2.86148000101875e-319
0.483242,-2.74843778125027e-319
0.484242,-2.64735195011115e-319
0.485243,-2.54379579074283e-319
0.486243,-2.45343118411846e-319
0.487244,-2.3611891280399e-319
0.488244,-2.28055761463861e-319
0.489245,1.67306437782513e-318
0.490245,1.59433007650387e-318
0.491246,1.52032398341331e-318
0.492246,1.45030994074115e-318
0.493247,1.38421877929696e-318
0.494247,1.32147244227512e-318
0.495248,1.26213515820959e-318
0.496248,-3.3352889553805e-319
0.497249,-7.15866536228757e-319
0.498249,-6.81143602639035e-319
0.49925,-6.47942391238503e-319
0.50025,-6.16618629292168e-319
0.501251,-5.86974690541693e-319
0.502251,-5.5941076816021e-319
0.503252,-5.33121535144997e-319
0.504252,-5.08418252852935e-319
0.505253,-4.84940253362559e-319
0.506253,-4.6284069702408e-319
0.507254,-4.41788559854784e-319
0.508254,-4.21897476953216e-319
0.509255,-4.03355193264794e-319
0.510255,-3.85642939861385e-319
0.511256,-3.68983046283618e-319
0.512256,-3.53494088286495e-319
0.513257,-3.38276866394585e-319
0.514257,-3.24057657107274e-319
0.515258,-3.11127959155608e-319
0.516258,-2.98395887462279e-319
0.517259,-2.8681498872376e-319
0.518259,-2.75471241495245e-319
0.51926,-2.65333014442583e-319
0.52026,-2.54992220475126e-319
0.521261,-2.45827302744771e-319
0.522261,-2.3674143551775e-319
0.523262,-2.28460895293451e-319
0.524262,1.67783705196396e-318
0.525263,1.59909286932978e-318
0.526263,1.52469152372255e-318
0.527264,1.45438598231934e-318
0.528264,1.38812189789911e-318
0.529265,1.32517299396247e-318
0.530265,1.26572701545486e-318
0.531266,4.28157288686024e-320
0.532266,-7.18079950322126e-319
0.533267,-6.83223619008026e-319
0.534267,-6.49884069226659e-319
0.535268,-6.18520782028657e-319
0.536268,-5.88703920302137e-319
0.537269,-5.61036244135028e-319
0.538269,-5.34747011119815e-319
0.53927,-5.09846102569416e-319
0.54027,-4.86338459140289e-319
0.541271,-4.64120327046809e-319
0.542271,-4.43038545938763e-319
0.543272,-4.23112878441985e-319
0.544272,-4.04353205869393e-319
0.545273,-3.86660715091818e-319
0.546273,-3.69990940201134e-319
0.547274,-3.54358703166717e-319
0.548274,-3.39136540618348e-319
0.549275,-3.24897568705204e-319
0.550275,-3.11977752066455e-319
0.551276,-2.99087579366457e-319
0.552276,-2.87516561940855e-319
0.553277,-2.76227161933383e-319
0.554277,-2.65846842714258e-319
0.555278,-2.55580158593677e-319
0.556278,-2.46380656268113e-319
0.557279,-2.37191035255466e-319
0.558279,-2.28925317000542e-319
0.55928,1.68250597231716e-318
0.56028,1.60391000937673e-318
0.561281,1.52912329256574e-318
0.562281,1.45857071833961e-318
0.563282,1.39200031321896e-318
0.564282,1.32901682468712e-318
0.565283,1.26938804189054e-318
0.566283,8.37401744449246e-319
0.567284,-7.20229135881536e-319
0.568284,-6.85259169468892e-319
0.569285,-6.51786221963148e-319
0.570285,-6.2031424032306e-319
0.571286,-5.90606073038626e-319
0.572286,-5.62745711269638e-319
0.573287,-5.36268733309006e-319
0.574287,-5.11353002789232e-319
0.575288,-4.87716902292187e-319
0.576288,-4.65439482321205e-319
0.577289,-4.44283591366283e-319
0.578289,-4.24283814022629e-319
0.57929,-4.05400625038576e-319
0.58029,-3.87722956230377e-319
0.581291,-3.71127291186569e-319
0.582291,-3.55327071832566e-319
0.583292,-3.40030799437321e-319
0.584292,-3.25786886867718e-319
0.585293,-3.1267932528355e-319
0.586293,-2.9991760965147e-319
0.587294,-2.88336710912951e-319
0.588294,-2.7688920989881e-319
0.589295,-2.66538534618436e-319
0.590295,-2.56207621963895e-319
0.591296,-2.46973535043122e-319
0.592296,-2.37655456962556e-319
0.593297,-2.29374916738257e-319
0.594297,1.68706619822827e-318
0.595298,1.60852952316535e-318
0.596298,1.53372304372852e-318
0.597299,1.4627653356728e-318
0.598299,1.39597260101153e-318
0.5993,1.33283101147301e-318
0.6003,1.27296013650997e-318
0.601301,1.21637973874823e-318
0.602301,-7.22571007042823e-319
0.603302,-6.87299660586216e-319
0.604302,-6.53816831767555e-319
0.605303,-6.2218180846434e-319
0.606303,-5.92508225775115e-319
0.607304,-5.64311899366955e-319
0.608304,-5.37815158780489e-319
0.609305,-5.12795674475088e-319
0.610305,-4.89134870695751e-319
0.611306,-4.66714171687475e-319
0.612306,-4.45528636793802e-319
0.613307,-4.25434986977439e-319
0.614307,-4.06467806833594e-319
0.615308,-3.88765434743102e-319
0.616308,-3.72342692675339e-319
0.617309,-3.56260855903206e-319
0.618309,-3.40870711035251e-319
0.61931,-3.26789840128776e-319
0.62031,-3.13514296225021e-319
0.621311,-3.00579657616898e-319
0.622311,-2.89033343473588e-319
0.623312,-2.77427741452777e-319
0.624312,-2.6702271895136e-319
0.625313,-2.56760975487237e-319
0.626313,-2.47442897406672e-319
0.627314,-2.38287860989233e-319
0.628314,-2.29923329605141e-319
0.629315,1.69090508829646e-318
0.630315,1.61330219730417e-318
0.631316,1.53820915979276e-318
0.632316,1.46711311335621e-318
0.633317,1.3999201855218e-318
0.634317,1.33679835860912e-318
0.635318,1.27641859603086e-318
0.636318,1.21973444448349e-318
0.637319,-7.24828887044318e-319
0.638319,-6.89414261550417e-319
0.63932,-6.5579309435092e-319
0.64032,-6.24009851353953e-319
0.641321,-5.94346149977644e-319
0.642321,-5.66001603875732e-319
0.643322,-5.39386287534264e-319
0.644322,-5.1428281206907e-319
0.645323,-4.90478729252439e-319
0.646323,-4.6803826761833e-319
0.647324,-4.46763800908406e-319
0.648324,-4.26635566496833e-319
0.649325,-4.07609098475487e-319
0.650325,-3.89802972599368e-319
0.651326,-3.73276476745979e-319
0.652326,-3.57229224569055e-319
0.653327,-3.41794613792974e-319
0.654327,-3.27931131770669e-319
0.655328,-3.14201047472741e-319
0.656328,-3.01315815429201e-319
0.657329,-2.89675628813181e-319
0.658329,-2.78060145479454e-319
0.65933,-2.6764524166512e-319
0.66033,-2.57284685071829e-319
0.661331,-2.48011072899389e-319
0.662331,-2.38984493549869e-319
0.663332,-2.30402573281607e-319
0.664332,1.69366691525671e-318
0.665333,1.61814404063342e-318
0.666333,1.54268045388763e-318
0.667334,1.47137195922336e-318
0.668334,1.40408021825978e-318
0.669335,1.34049891029647e-318
0.670335,1.27997092802446e-318
0.671336,1.22314843809626e-318
0.672336,-7.27037360481228e-319
0.673337,-6.91474515293575e-319
0.674337,-6.5794227991033e-319
0.675338,-6.2588730080815e-319
0.676338,-5.9607043908163e-319
0.677339,-5.67711071010343e-319
0.678339,-5.40972238257414e-319
0.67934,-5.15760068350136e-319
0.68034,-4.91901638312462e-319
0.681341,-4.69347541579809e-319
0.682341,-4.48008846335926e-319
0.683342,-4.27811442733935e-319
0.684342,-4.08725686835088e-319
0.685343,-3.90914620302511e-319
0.686343,-3.74234964098911e-319
0.687344,-3.58103720762194e-319
0.688344,-3.42693813268405e-319
0.689345,-3.28716696147557e-319
0.690345,-3.1507554366588e-319
0.691346,-3.02106320462547e-319
0.692346,-2.90308032839858e-319
0.693347,-2.7875677804009e-319
0.694347,-2.68381399477424e-319
0.695348,-2.57862741877463e-319
0.696348,-2.48653358238983e-319
0.697349,-2.39681126110506e-319
0.698349,-2.30822529080572e-319
0.69935,1.69440801372547e-318
0.70035,1.62312916299996e-318
0.701351,1.5471023414179e-318
0.702351,1.47562586443405e-318
0.703352,1.40798333686193e-318
0.704352,1.34426863117424e-318
0.705353,1.28353314133097e-318
0.706353,1.22674523599798e-318
0.707354,-7.29008682408135e-319
0.708354,-6.93569353631942e-319
0.709355,-6.60046999561613e-319
0.710355,-6.27744987636513e-319
0.711356,-5.97804609498533e-319
0.712356,-5.69504529304746e-319
0.713357,-5.42587832919315e-319
0.714357,-5.171780367537e-319
0.715358,-4.93275140807901e-319
0.716358,-4.70701281449414e-319
0.717359,-4.49253891763445e-319
0.718359,-4.29016962909788e-319
0.71936,-4.09822512568856e-319
0.72036,-3.92050971287946e-319
0.721361,-3.75213214077676e-319
0.722361,-3.59091852053876e-319
0.723362,-3.43667122590713e-319
0.724362,-3.29517082493819e-319
0.725363,-3.15900633294435e-319
0.726363,-3.02862240900684e-319
0.727364,-2.90994784087577e-319
0.728364,-2.79507757821768e-319
0.729365,-2.68924871687849e-319
0.730365,-2.58455620652473e-319
0.731366,-2.49083195350864e-319
0.732366,-2.40293767511349e-319
0.733367,-2.31445051794332e-319
0.734367,1.69130034081313e-318
0.735368,1.62794136239045e-318
0.736368,1.55169715192423e-318
0.737369,1.47984518504954e-318
0.738369,1.41202479384491e-318
0.73937,1.34803341139555e-318
0.74037,1.28723863367478e-318
0.741371,1.23004065385574e-318
0.742371,-7.3079720004608e-319
0.743372,-6.95664191970309e-319
0.744372,-6.62023262144978e-319
0.745373,-6.29607615121334e-319
0.746373,-5.99568423854186e-319
0.747374,-5.7136221613311e-319
0.748374,-5.4412931773434e-319
0.749375,-5.187343435381e-319
0.750375,-4.94732634463132e-319
0.751376,-4.72005614754435e-319
0.752376,-4.50538462442633e-319
0.753377,-4.30168135864598e-319
0.754377,-4.11013210775333e-319
0.755378,-3.93187322273381e-319
0.756378,-3.76216167338734e-319
0.757379,-3.60030576780975e-319
0.758379,-3.44610787974269e-319
0.75938,-3.30317468840082e-319
0.76038,-3.16656553732572e-319
0.761381,-3.03687330529239e-319
0.762381,-2.91760585838631e-319
0.763382,-2.80238974977613e-319
0.764382,-2.69522691119317e-319
0.765383,-2.59078143366233e-319
0.766383,-2.49695836751708e-319
0.767384,-2.40852061691149e-319
0.768384,-2.32003345974133e-319
0.769385,1.68091014028109e-318
0.770385,1.63270415521636e-318
0.771386,1.55633642833868e-318
0.772386,1.48416825945065e-318
0.773387,1.41599708163747e-318
0.774387,1.3519118267154e-318
0.775388,1.29090954142338e-318
0.776388,1.23342500352976e-318
0.777389,-7.32086711381725e-319
0.778389,-6.97867724750761e-319
0.77939,-6.64004465384802e-319
0.78039,-6.31509767857823e-319
0.781391,-6.0133223820984e-319
0.782391,-5.73002514077303e-319
0.783392,-5.45739971739783e-319
0.784392,-5.20216540475624e-319
0.785393,-4.96145662210238e-319
0.786393,-4.73319829372373e-319
0.787394,-4.51778567213694e-319
0.788394,-4.31413181292118e-319
0.789395,-4.12144621104309e-319
0.790395,-3.9440272376215e-319
0.791396,-3.77184536004583e-319
0.792396,-3.60929776256406e-319
0.793397,-3.45534690731993e-319
0.794397,-3.31117855186345e-319
0.795398,-3.17353186293208e-319
0.796398,-3.04522301470711e-319
0.797399,-2.9248192168156e-319
0.798399,-2.80861497691373e-319
0.7994,-2.70174857771827e-319
0.8004,-2.59903232994788e-319
0.801401,-2.50219546336299e-319
0.802401,-2.41301661428865e-319
0.803402,-2.32452945711848e-319
0.804402,1.6558412494111e-318
0.805403,1.6375459985456e-318
0.806403,1.56090159490625e-318
0.807404,1.48851603713405e-318
0.808404,1.420152173719e-318
0.809405,1.35575071678359e-318
0.810405,1.29457056785907e-318
0.811406,1.23681923451668e-318
0.812406,-7.32432557333814e-319
0.813407,-7.00026791623087e-319
0.814407,-6.66044956502126e-319
0.815408,-6.33451445845979e-319
0.816408,-6.03125696504243e-319
0.817409,-5.74761387776497e-319
0.818409,-5.47513667408353e-319
0.81941,-5.21713559382523e-319
0.82041,-4.97538927331511e-319
0.821411,-4.74718035150103e-319
0.822411,-4.53018671984756e-319
0.823412,-4.32579176216303e-319
0.824412,-4.13355081936621e-319
0.825413,-3.95514371465293e-319
0.826413,-3.78187489265641e-319
0.827414,-3.61893204265796e-319
0.828414,-3.46433890207424e-319
0.829415,-3.32041757944068e-319
0.830415,-3.18148631983012e-319
0.831416,-3.05485729480101e-319
0.832416,-2.93178554242196e-319
0.833417,-2.8158777419076e-319
0.834417,-2.70693626699961e-319
0.835418,-2.60431883235838e-319
0.836418,-2.50792662485475e-319
0.837419,-2.41855014952207e-319
0.838419,-2.33065587112691e-319
0.83942,1.60413727957382e-318
0.84042,1.64249159566047e-318
0.841421,1.56537782965757e-318
0.842421,1.49294780597725e-318
0.843422,1.42433196908281e-318
0.844422,1.35973288588907e-318
0.845423,1.29813278116558e-318
0.846423,1.24024310944236e-318
0.847424,-7.31291265691921e-319
0.848424,-7.02314315563332e-319
0.849425,-6.68001456459657e-319
0.850425,-6.35561106153721e-319
0.851426,-6.04889510859897e-319
0.852426,-5.76411567033607e-319
0.853427,-5.49282422420464e-319
0.854427,-5.23304450762132e-319
0.855428,-4.99026064925493e-319
0.856428,-4.76027309111583e-319
0.857429,-4.54327945946235e-319
0.858429,-4.3383410295674e-319
0.85943,-4.14565542768932e-319
0.86043,-3.9655190932156e-319
0.861431,-3.79225027121907e-319
0.862431,-3.62797344397686e-319
0.863432,-3.47407199529731e-319
0.864432,-3.32837203633873e-319
0.865433,-3.18944077672817e-319
0.866433,-3.06251531231155e-319
0.867434,-2.93909771398041e-319
0.868434,-2.82205356248062e-319
0.869435,-2.71414962542889e-319
0.870435,-2.61291557459602e-319
0.871436,-2.51395422573401e-319
0.872436,-2.42368843223882e-319
0.873437,-2.33515186850407e-319
0.874437,1.49891117832255e-318
0.875438,1.64736802358493e-318
0.876438,1.56993311491223e-318
0.877439,1.49717206724919e-318
0.878439,1.42848706116434e-318
0.87944,1.36353225070559e-318
0.88044,1.30180862957064e-318
0.881441,1.243731212902e-318
0.882441,-7.2693854735206e-319
0.883442,-7.04532670313159e-319
0.884442,-6.70081472828649e-319
0.885443,-6.37660885148546e-319
0.886443,-6.06717553749509e-319
0.887444,-5.780518649778e-319
0.888444,-5.50902957738824e-319
0.889445,-5.24860757546531e-319
0.890445,-5.00473677267808e-319
0.891446,-4.7740575226348e-319
0.892446,-4.55656982533548e-319
0.893447,-4.35113732979469e-319
0.894447,-4.15874816730411e-319
0.895448,-3.97624031773035e-319
0.896448,-3.80292208916924e-319
0.897449,-3.63829941597494e-319
0.898449,-3.4840521213433e-319
0.89945,-3.33696877857636e-319
0.90045,-3.19779048614288e-319
0.901451,-3.07046976920959e-319
0.902451,-2.9459652264576e-319
0.903452,-2.83084793097659e-319
0.904452,-2.72072069851858e-319
0.905453,-2.61948664768571e-319
0.906453,-2.52166164980914e-319
0.907454,-2.42818442961597e-319
0.908454,-2.33900558054163e-319
0.909455,1.29654188978597e-318
0.910455,1.65221480757063e-318
0.911456,1.5744982814798e-318
0.912456,1.50149020099384e-318
0.913457,1.4324593489569e-318
0.914457,1.36744030996419e-318
0.915458,1.30546965600633e-318
0.916458,1.24732307014727e-318
0.917459,-7.16805260955856e-319
0.918459,-7.06706559154861e-319
0.91946,-6.72013269503888e-319
0.92046,-6.3964208838837e-319
0.921461,-6.08491249418079e-319
0.922461,-5.79776154081786e-319
0.923462,-5.52449383210307e-319
0.924462,-5.26664097153852e-319
0.925463,-5.01921289610122e-319
0.926463,-4.78828661323503e-319
0.927464,-4.5692673124336e-319
0.928464,-4.36388422345739e-319
0.929465,-4.17016108372304e-319
0.930465,-3.98755442102012e-319
0.931466,-3.81265518239232e-319
0.932466,-3.64734081729383e-319
0.933467,-3.49418046708305e-319
0.934467,-3.34502204860358e-319
0.935468,-3.20594256929926e-319
0.936468,-3.07946176396391e-319
0.937469,-2.95322799145147e-319
0.938469,-2.84122330953926e-319
0.93947,-2.72704473878534e-319
0.94047,-2.6257118748233e-319
0.941471,-2.52536714215295e-319
0.942471,-2.43480490927025e-319
0.943472,-2.34483555516256e-319
0.944472,8.97954430003549e-319
0.945473,1.65702206630466e-318
0.946473,1.57918696445883e-318
0.947474,1.50580339408203e-318
0.948474,1.43657491578676e-318
0.949475,1.37126931871946e-318
0.950475,1.30919985163243e-318
0.951476,1.25078647032462e-318
0.952476,-6.95056491225924e-319
0.953477,-7.08816219462603e-319
0.954477,-6.74098226529338e-319
0.955478,-6.41652935566944e-319
0.956478,-6.10452690032069e-319
0.957479,-5.81446095964729e-319
0.958479,-5.5411932509325e-319
0.95948,-5.28210522625335e-319
0.96048,-5.0351712164619e-319
0.961481,-4.80241689070608e-319
0.962481,-4.58315055708174e-319
0.963482,-4.37697696307219e-319
0.964482,-4.18127756075447e-319
0.965483,-3.99822623897029e-319
0.966483,-3.82268471500289e-319
0.967484,-3.65732094333983e-319
0.968484,-3.50485228503322e-319
0.969485,-3.35435988930998e-319
0.970485,-3.2136005868098e-319
0.971486,-3.08672452895777e-319
0.972486,-2.96073778926825e-319
0.973487,-2.84809082201645e-319
0.974487,-2.73490038255422e-319
0.975488,-2.63119600349214e-319
0.976488,-2.53124652333846e-319
0.977489,-2.43964675259949e-319
0.978489,-2.35002324444389e-319
0.97949,3.84580698722826e-320
0.98049,1.66196272276308e-318
0.981491,1.58376695299578e-318
0.982491,1.51031421342856e-318
0.983492,1.4406806013037e-318
0.984492,1.37521196257328e-318
0.985493,1.31294980988436e-318
0.986493,1.25427457378426e-318
0.987494,-6.52023373473151e-319
0.988494,-7.10995048960763e-319
0.989495,-6.76133776990204e-319
0.990495,-6.43584732242183e-319
0.991496,-6.1225602963939e-319
0.992496,-5.83195088351007e-319
0.993497,-5.55744801068068e-319
0.994497,-5.29697660219317e-319
0.995498,-5.0510307236934e-319
0.996498,-4.81733767321049e-319
0.997499,-4.59792311989239e-319
0.998499,-4.39026732894532e-319
0.9995,-4.19308572969008e-319
1.0005,-4.00894746348504e-319
1.001501,-3.83306009356556e-319
1.002501,-3.6673504759504e-319
1.003502,-3.51453597169171e-319
1.004502,-3.36340129062887e-319
1.005503,-3.22190088965994e-319
1.006503,-3.09388848082247e-319
1.007504,-2.96844521334338e-319
1.008504,-2.8532291047332e-319
1.009505,-2.73944578649596e-319
1.010505,-2.63806351596934e-319
1.011506,-2.53648361918438e-319
1.012506,-2.44651426507668e-319
1.013507,-2.35387695648145e-319
1.014507,-2.27329484964474e-319
1.015508,1.66691326053441e-318
1.016508,1.58841117006669e-318
1.017509,1.51476574489759e-318
1.018509,1.44494438782731e-318
1.01951,1.37919413167876e-318
1.02051,1.31673435273151e-318
1.021511,1.25769844870994e-318
1.022511,-5.65868206151355e-319
1.023512,-7.13104709268505e-319
1.024512,-6.78278021893155e-319
1.025513,-6.45422656444712e-319
1.026513,-6.14296520756714e-319
1.027514,-5.84830445638742e-319
1.028514,-5.57330751791218e-319
1.029515,-5.31253967003717e-319
1.030515,-5.06560566024572e-319
1.031516,-4.83275252136074e-319
1.032516,-4.6119051776697e-319
1.033517,-4.40237193726843e-319
1.034517,-4.20474567893193e-319
1.035518,-4.01971809456438e-319
1.036518,-3.84338606556364e-319
1.037519,-3.6773306019964e-319
1.038519,-3.52382440583352e-319
1.03952,-3.37194862630192e-319
1.04052,-3.23123873036634e-319
1.041521,-3.10159590489759e-319
1.042521,-2.97501628643307e-319
1.043522,-2.85910848591871e-319
1.044522,-2.74665914492524e-319
1.045523,-2.64507924814028e-319
1.046523,-2.54196774785321e-319
1.047524,-2.45234423969761e-319
1.048524,-2.36015159018363e-319
1.049525,-2.27818609953857e-319
1.050525,1.67185391699282e-318
1.051526,1.59306032779406e-318
1.052526,1.51916292914558e-318
1.053527,1.44916370844279e-318
1.054527,1.38324546997465e-318
1.055528,1.32040031982365e-318
1.056528,1.26120137413895e-318
1.057529,-4.01724776633518e-319
1.058529,-7.15308242048957e-319
1.05953,-6.80491435986524e-319
1.06053,-6.47393978371619e-319
1.061531,-6.16159148241535e-319
1.062531,-5.86520150147519e-319
1.063532,-5.58990812361245e-319
1.064532,-5.3277074853645e-319
1.065533,-5.08042762962095e-319
1.066533,-4.8459440741047e-319
1.067534,-4.6246520713324e-319
1.068534,-4.41472357841446e-319
1.069535,-4.21591156252794e-319
1.070535,-4.03038991251455e-319
1.071536,-3.85351441130339e-319
1.072536,-3.68676725583197e-319
1.073537,-3.53276699402325e-319
1.074537,-3.37990308319997e-319
1.075538,-3.23948962665189e-319
1.076538,-3.10851282393937e-319
1.077539,-2.98188379891026e-319
1.078539,-2.86637125091258e-319
1.07954,-2.75397131648369e-319
1.08054,-2.65130447527788e-319
1.081541,-2.54829178811998e-319
1.082541,-2.45629676486434e-319
1.083542,-2.36558631228789e-319
1.084542,-2.28460895293451e-319
1.085543,1.67655248128477e-318
1.086543,1.59781817996351e-318
1.087544,1.52348600354669e-318
1.088544,1.45331880052432e-318
1.089545,1.38708436004284e-318
1.090545,1.32417498135788e-318
1.091546,1.26472900285026e-318
1.092546,-8.04783530510806e-320
1.093547,-7.17467308921283e-319
1.094547,-6.82699909423434e-319
1.095548,-6.49330715703317e-319
1.096548,-6.18031657039274e-319
1.097549,-5.88244439251505e-319
1.098549,-5.60616288336062e-319
1.09955,-5.34307292695016e-319
1.10055,-5.0946073136566e-319
1.101551,-4.8596296924945e-319
1.102551,-4.63789303064095e-319
1.103552,-4.42707521956049e-319
1.104552,-4.22796676428647e-319
1.105553,-4.04111113702931e-319
1.106553,-3.86408741612439e-319
1.107554,-3.69679678844254e-319
1.108554,-3.54180839534214e-319
1.109555,-3.38854923200219e-319
1.110555,-3.24714764416242e-319
1.111556,-3.11715897274159e-319
1.112556,-2.98919597046871e-319
1.113557,-2.87363401590644e-319
1.114557,-2.75990010423379e-319
1.115558,-2.65836961401341e-319
1.116558,-2.55486286120967e-319
1.117559,-2.46281843138945e-319
1.118559,-2.37008230966504e-319
1.11956,-2.28816622558457e-319
1.12056,1.6813004521413e-318
1.121561,1.60261061672817e-318
1.122561,1.52798200092385e-318
1.123562,1.45745907063647e-318
1.124562,1.39099241930145e-318
1.125563,1.32793976157919e-318
1.126563,1.26842955453761e-318
1.127564,5.31421949323303e-319
1.128564,-7.19670841701735e-319
1.129565,-6.84681112663258e-319
1.130565,-6.51302037630223e-319
1.131566,-6.19800412051385e-319
1.132566,-5.90087304110493e-319
1.133567,-5.62246704967339e-319
1.134567,-5.35878421448791e-319
1.135568,-5.10977512898392e-319
1.136568,-4.87400700278848e-319
1.137569,-4.65059051773907e-319
1.138569,-4.43972330009403e-319
1.13957,-4.23977493322207e-319
1.14057,-4.05123948276905e-319
1.141571,-3.87485804720373e-319
1.142571,-3.70816029829689e-319
1.143572,-3.55050395070895e-319
1.144572,-3.39808469896693e-319
1.145573,-3.25579379296465e-319
1.146573,-3.12437233117087e-319
1.147574,-2.99675517485008e-319
1.148574,-2.8815390662399e-319
1.149575,-2.76681702327556e-319
1.150575,-2.66301383108432e-319
1.151576,-2.55995173736183e-319
1.152576,-2.46790730754161e-319
1.153577,-2.37531940551096e-319
1.154577,-2.29226697044505e-319
1.155578,1.68582609345721e-318
1.156578,1.60731906233304e-318
1.157579,1.53246811698809e-318
1.158579,1.46168333190841e-318
1.15958,1.39487577527776e-318
1.16058,1.33185770215071e-318
1.161581,1.27196212390537e-318
1.162581,1.21553488649384e-318
1.163582,-7.21948484329063e-319
1.164582,-6.86785832314542e-319
1.165583,-6.53243715618379e-319
1.166583,-6.21658098879748e-319
1.167584,-5.91954872251773e-319
1.168584,-5.63901824880907e-319
1.169585,-5.3737544035569e-319
1.170585,-5.12405362614874e-319
1.171586,-4.88744558835536e-319
1.172586,-4.66343622453094e-319
1.173587,-4.45177850185255e-319
1.174587,-4.25118784964101e-319
1.175588,-4.06161486133172e-319
1.176588,-3.88523342576639e-319
1.177589,-3.72061075257209e-319
1.178589,-3.56053348331953e-319
1.17959,-3.40623678212331e-319
1.18059,-3.26478578771896e-319
1.181591,-3.13232678806892e-319
1.182591,-3.00401793984395e-319
1.183592,-2.88781369994209e-319
1.184592,-2.77328928323609e-319
1.185593,-2.66923905822192e-319
1.186593,-2.5662757776286e-319
1.187594,-2.47279855743544e-319
1.188594,-2.38119878669647e-319
1.189595,-2.29750406629096e-319
1.190595,1.68997624488228e-318
1.191596,1.61199786399915e-318
1.192596,1.53707774946379e-318
1.193597,1.46591747449327e-318
1.194597,1.39887770700907e-318
1.195598,1.3357311768141e-318
1.196598,1.27551445589897e-318
1.197599,1.21880066041285e-318
1.198599,-7.24236008269308e-319
1.1996,-6.88791738836657e-319
1.2006,-6.55274325422787e-319
1.201601,-6.23496023082278e-319
1.202601,-5.93827381049511e-319
1.203602,-5.65487775604057e-319
1.204602,-5.39010797643425e-319
1.205603,-5.13862856270105e-319
1.206603,-4.901032393616e-319
1.207604,-4.67697362322699e-319
1.208604,-4.46417954956317e-319
1.209605,-4.26289720544744e-319
1.210605,-4.07337362370274e-319
1.211606,-3.89526295837697e-319
1.212606,-3.730245032666e-319
1.213607,-3.56957488463842e-319
1.214607,-3.41522877687762e-319
1.215608,-3.2758528581858e-319
1.216608,-3.13968836619195e-319
1.217609,-3.01108307857948e-319
1.218609,-2.89443417959636e-319
1.21961,-2.778526379082e-319
1.22061,-2.67511843940743e-319
1.221611,-2.57136465378077e-319
1.222611,-2.47833209266886e-319
1.223612,-2.38712757444657e-319
1.224612,-2.3026917555723e-319
1.225613,1.69305427385587e-318
1.226613,1.61685452929777e-318
1.227614,1.54144528977302e-318
1.228614,1.47029983677188e-318
1.229615,1.40299327383893e-318
1.230615,1.33953548228708e-318
1.231616,1.27900255935861e-318
1.232616,1.22225417927728e-318
1.233617,-7.26454363019135e-319
1.234617,-6.90935983739608e-319
1.235618,-6.5731975719657e-319
1.236618,-6.25358650567099e-319
1.237619,-5.95586254748706e-319
1.238619,-5.6725158995971e-319
1.23962,-5.40522638519699e-319
1.24062,-5.15379637802838e-319
1.241621,-4.91516267108706e-319
1.242621,-4.69016517597095e-319
1.243622,-4.47663000383837e-319
1.244622,-4.27515003346431e-319
1.245623,-4.0840948482175e-319
1.246623,-3.90628062227923e-319
1.247624,-3.73992871932448e-319
1.248624,-3.57851747282815e-319
1.249625,-3.42392433224442e-319
1.250625,-3.2848942595047e-319
1.251626,-3.14788985591292e-319
1.252626,-3.01888931578377e-319
1.253627,-2.90199338397773e-319
1.254627,-2.7856903309467e-319
1.255628,-2.68203535844921e-319
1.256628,-2.57699700214336e-319
1.257629,-2.48460672637104e-319
1.258629,-2.39537847073212e-319
1.25963,-2.30649606104528e-319
1.26063,1.69446730160297e-318
1.261631,1.62174083853514e-318
1.262631,1.54593634649372e-318
1.263632,1.47445986950987e-318
1.264632,1.40698038360087e-318
1.265633,1.34322615266151e-318
1.266633,1.28260429791679e-318
1.267634,1.22578674864505e-318
1.268634,-7.28484972823543e-319
1.269635,-6.93001178139224e-319
1.270635,-6.59572696541606e-319
1.271636,-6.27221278051921e-319
1.272636,-5.9731548450915e-319
1.273637,-5.68990701033072e-319
1.274637,-5.42118470555766e-319
1.275638,-5.16792665549944e-319
1.276638,-4.92929294855812e-319
1.277639,-4.70315910245658e-319
1.278639,-4.48912986467815e-319
1.27964,-4.28710642209366e-319
1.28064,-4.09521132524892e-319
1.281641,-3.91764413213358e-319
1.282641,-3.74901952720796e-319
1.283642,-3.58854700543873e-319
1.284642,-3.43459615019459e-319
1.285643,-3.29274990327357e-319
1.286643,-3.15658541127972e-319
1.287644,-3.02620148734222e-319
1.288644,-2.90871267676117e-319
1.289645,-2.79275546968223e-319
1.290645,-2.68791473963472e-319
1.291646,-2.5827775701997e-319
1.292646,-2.49009085503988e-319
1.293647,-2.40120844535304e-319
1.294647,-2.31237544223079e-319
1.295648,1.69270348724732e-318
1.296648,1.62669137630647e-318
1.297649,1.55043234387087e-318
1.298649,1.47873847800285e-318
1.29965,1.41091808679822e-318
1.30065,1.34706998338616e-318
1.301651,1.28620603647498e-318
1.302651,1.22913651372385e-318
1.303652,-7.30332778338989e-319
1.304652,-6.95125660416342e-319
1.305653,-6.61504493216845e-319
1.306653,-6.29088846193201e-319
1.307654,-5.99113883460012e-319
1.308654,-5.70952141647061e-319
1.309655,-5.43704421278917e-319
1.310655,-5.18289684456843e-319
1.311656,-4.94317619320626e-319
1.312656,-4.71664709458804e-319
1.313657,-4.50153091238877e-319
1.314657,-4.2988157779001e-319
1.315658,-4.10667364823244e-319
1.316658,-3.92881001572959e-319
1.317659,-3.75964193859355e-319
1.318659,-3.59788484614513e-319
1.31966,-3.44353873838432e-319
1.32066,-3.30184071115705e-319
1.321661,-3.1641446156611e-319
1.322661,-3.03484763614444e-319
1.323662,-2.91523434328628e-319
1.324662,-2.80140161848445e-319
1.325663,-2.69305302235147e-319
1.326663,-2.58934864328939e-319
1.327664,-2.49468566554621e-319
1.328664,-2.40713723310314e-319
1.329665,-2.31899592188506e-319
1.330665,1.68471444575407e-318
1.331666,1.63139982191134e-318
1.332666,1.55505679831595e-318
1.333667,1.48294791730542e-318
1.334667,1.4149595437812e-318
1.335668,1.35084464492039e-318
1.336668,1.28994117275754e-318
1.337669,1.23249616011557e-318
1.338669,-7.31775450024845e-319
1.33967,-6.97255083349918e-319
1.34067,-6.63505459082502e-319
1.341671,-6.3102064286844e-319
1.342671,-6.00882638472124e-319
1.343672,-5.72582558278337e-319
1.344672,-5.45305193971442e-319
1.345673,-5.19776822050825e-319
1.346673,-4.95809697571066e-319
1.347674,-4.72944339481533e-319
1.348674,-4.51442602574522e-319
1.349675,-4.31062394683571e-319
1.350675,-4.11838300403888e-319
1.351676,-3.9409146240527e-319
1.352676,-3.76937503181662e-319
1.353677,-3.60722268685153e-319
1.354677,-3.4529259856553e-319
1.355678,-3.30944932210301e-319
1.356678,-3.17170382004247e-319
1.357679,-3.04314793899457e-319
1.358679,-2.92244770171556e-319
1.35968,-2.8062434618137e-319
1.36068,-2.69967350200574e-319
1.361681,-2.59591971637908e-319
1.362681,-2.50110851894214e-319
1.363682,-2.41217670269072e-319
1.364682,-2.32373895208513e-319
1.365683,1.66476901563146e-318
1.366683,1.63626636852287e-318
1.367684,1.55965160882227e-318
1.368684,1.48734016089695e-318
1.369685,1.4190108820771e-318
1.370685,1.35471811958378e-318
1.371686,1.29360713984968e-318
1.372686,1.2359150943848e-318
1.373687,-7.3247702324194e-319
1.374687,-6.99448734817453e-319
1.375688,-6.65452077727117e-319
1.376688,-6.32962320856596e-319
1.377689,-6.02646452827777e-319
1.378689,-5.74311788038782e-319
1.37969,-5.47029483075428e-319
1.38069,-5.21303484896474e-319
1.381691,-4.97158496784213e-319
1.382691,-4.74362307885098e-319
1.383692,-4.52677766689125e-319
1.384692,-4.32272855515882e-319
1.385693,-4.13009235984532e-319
1.386693,-3.95222872734247e-319
1.387694,-3.77900931191053e-319
1.388694,-3.61621468160584e-319
1.389695,-3.46186857384503e-319
1.390695,-3.31839191029273e-319
1.391696,-3.17941124411759e-319
1.392696,-3.0520905271843e-319
1.393697,-2.92961165358026e-319
1.394697,-2.81345682024298e-319
1.395698,-2.70649160791835e-319
1.396698,-2.60377536014795e-319
1.397699,-2.50565392288388e-319
1.398699,-2.41687032632621e-319
1.3997,-2.32838316915604e-319
1.4007,1.62136040798784e-318
1.401701,1.64111809316503e-318
1.402701,1.5642217160463e-318
1.403702,1.49173734514493e-318
1.404702,1.42322032137967e-318
1.405703,1.35869040737634e-318
1.406703,1.29723358169015e-318
1.407704,1.23930438471527e-318
1.408704,-7.31834737902346e-319
1.409705,-7.01662148910822e-319
1.410705,-6.67487628187982e-319
1.411706,-6.35002811973921e-319
1.412706,-6.04444851778639e-319
1.413707,-5.75961967295892e-319
1.414707,-5.48852585308582e-319
1.415708,-5.22889435619625e-319
1.416708,-4.98611049782986e-319
1.417709,-4.75676522503035e-319
1.418709,-4.53996921963521e-319
1.41971,-4.33478375691734e-319
1.42071,-4.14254281412052e-319
1.421711,-3.96265351246972e-319
1.422711,-3.78977994298987e-319
1.423712,-3.62589836826432e-319
1.424712,-3.4716016670681e-319
1.425713,-3.3259511146741e-319
1.426713,-3.18776095353231e-319
1.427714,-3.0604896431636e-319
1.428714,-2.93771433017205e-319
1.429715,-2.82042314584934e-319
1.430715,-2.71172870376427e-319
1.431716,-2.61009940041472e-319
1.432716,-2.51217558940899e-319
1.433717,-2.42200860904296e-319
1.434717,-2.33416373721239e-319
1.435718,1.53524476591771e-318
1.436718,1.64609827487511e-318
1.437719,1.56871771342346e-318
1.438719,1.49606041954605e-318
1.43972,1.42733588820953e-318
1.44072,1.36255894138328e-318
1.441721,1.30079579499667e-318
1.442721,1.24282707277011e-318
1.443722,-7.28588726609169e-319
1.444722,-7.03974376133359e-319
1.445723,-6.69483653397181e-319
1.446723,-6.37122353594579e-319
1.447724,-6.06267954011794e-319
1.448724,-5.77622027865918e-319
1.449725,-5.50453358001108e-319
1.450725,-5.24440801747566e-319
1.451726,-5.00058662125301e-319
1.452726,-4.77059906311391e-319
1.453727,-4.55301255268542e-319
1.454727,-4.3476788702738e-319
1.455728,-4.15499326839572e-319
1.456728,-3.97337473698447e-319
1.457729,-3.80010591498795e-319
1.458729,-3.63622434026241e-319
1.45973,-3.48098891433909e-319
1.46073,-3.33464667004091e-319
1.461731,-3.19591303668869e-319
1.462731,-3.06874053944915e-319
1.463732,-2.94458184264925e-319
1.464732,-2.82872344869947e-319
1.465733,-2.71933731471022e-319
1.466733,-2.61874554921694e-319
1.467734,-2.51879606906326e-319
1.468734,-2.42719629832429e-319
1.469735,-2.33831388863745e-319
1.470735,1.36310735425017e-318
1.471736,1.65086600835748e-318
1.472736,1.57328782064749e-318
1.473737,1.50032420606965e-318
1.474737,1.43138228584897e-318
1.475738,1.36636324685626e-318
1.476738,1.30449140602756e-318
1.477739,1.24632505754267e-318
1.478739,-7.20288423759037e-319
1.47974,-7.0611862103631e-319
1.48074,-6.71499441232213e-319
1.481741,-6.39083794208569e-319
1.482741,-6.08031768367447e-319
1.483742,-5.7932655434407e-319
1.484742,-5.52049190037175e-319
1.485743,-5.26150268882177e-319
1.486743,-5.01511215124074e-319
1.487744,-4.78403764868079e-319
1.488744,-4.56580885291271e-319
1.489745,-4.36003051141983e-319
1.490745,-4.16714728328341e-319
1.491746,-3.98444180745132e-319
1.492746,-3.81013544759853e-319
1.493747,-3.64516692845213e-319
1.494747,-3.49136429290175e-319
1.495748,-3.34289756632646e-319
1.496748,-3.20416393297424e-319
1.497749,-3.07674440291178e-319
1.498749,-2.95243748641812e-319
1.49975,-2.83835772879338e-319
1.50075,-2.7256119484124e-319
1.501751,-2.62363679911077e-319
1.502751,-2.52398375834459e-319
1.503752,-2.43238398760562e-319
1.504752,-2.34280988601461e-319
1.505753,1.03458828436095e-318
1.506753,1.65577702087714e-318
1.507754,1.57791721574902e-318
1.508754,1.50469668703535e-318
1.509755,1.43539903954966e-318
1.510755,1.37026142480195e-318
1.511756,1.30816231377616e-318
1.512756,1.24988727084919e-318
1.513757,-7.02650280202504e-319
1.514757,-7.08243103313427e-319
1.515758,-6.73510288410787e-319
1.516758,-6.4110452270006e-319
1.517759,-6.09874633226435e-319
1.518759,-5.81021199509306e-319
1.51976,-5.53659844042618e-319
1.52076,-5.27830092078037e-319
1.521761,-5.03092225190766e-319
1.522761,-4.79871139836228e-319
1.523762,-4.57909921878584e-319
1.524762,-4.37327147072838e-319
1.525763,-4.17816494718567e-319
1.526763,-3.99580531730567e-319
1.527764,-3.8201649802091e-319
1.528764,-3.6546035822877e-319
1.529765,-3.50267839619152e-319
1.530765,-3.35258125298495e-319
1.531766,-3.21182195048478e-319
1.532766,-3.08534114514942e-319
1.533767,-2.95876152668489e-319
1.534767,-2.84596633973933e-319
1.535768,-2.73218302150209e-319
1.536768,-2.6294667737317e-319
1.537769,-2.52917144762593e-319
1.538769,-2.43860921474322e-319
1.53977,-2.34834342124803e-319
1.54077,3.79388068785035e-319
1.541771,1.66060898289347e-318
1.542771,1.58258613610222e-318
1.543772,1.5090988119398e-318
1.544772,1.43954919097472e-318
1.545773,1.37414478077826e-318
1.546773,1.31196167859268e-318
1.547774,1.25334573037007e-318
1.548774,-6.66272226699213e-319
1.549775,-7.10402170185753e-319
1.550775,-6.75575482810404e-319
1.551776,-6.43031378718841e-319
1.552776,-6.11771845306465e-319
1.553777,-5.8275042926975e-319
1.554777,-5.55329785925561e-319
1.555778,-5.29322170328478e-319
1.556778,-5.04722641822042e-319
1.557779,-4.81279226926875e-319
1.558779,-4.59421762754858e-319
1.55978,-4.38675946285984e-319
1.56078,-4.18997311612128e-319
1.561781,-4.0062795089975e-319
1.562781,-3.83024391938426e-319
1.563782,-3.66463311489828e-319
1.564782,-3.51181861063958e-319
1.565783,-3.36088155583508e-319
1.566783,-3.22041869272241e-319
1.567784,-3.09260391014328e-319
1.568784,-2.965876071985e-319
1.569785,-2.8532291047332e-319
1.570785,-2.73875409459178e-319
1.571786,-2.63608725338597e-319
1.572786,-2.53519904850519e-319
1.573787,-2.44478503531624e-319
1.574787,-2.35353111052936e-319
1.575788,-2.27220790522389e-319
1.576788,1.66559904591647e-318
1.577789,1.5871513026698e-318
1.578789,1.51366891916383e-318
1.57979,1.44373886765146e-318
1.58079,1.37815165316603e-318
1.581791,1.31573139947045e-318
1.582791,1.25680418989096e-318
1.583792,-5.95467678993704e-319
1.584792,-7.12546415088704e-319
1.585793,-6.77690083774604e-319
1.586793,-6.44928590798871e-319
1.587794,-6.13713523294621e-319
1.588794,-5.84415430496235e-319
1.589795,-5.56881152053503e-319
1.590795,-5.30878477112878e-319
1.591796,-5.06145550882065e-319
1.592796,-4.82899762245234e-319
1.593797,-4.60834790501964e-319
1.594797,-4.39920991713504e-319
1.595798,-4.20138603254021e-319
1.596798,-4.016556074431e-319
1.597799,-3.84086633076985e-319
1.598799,-3.6745144278151e-319
1.5998,-3.52179873668557e-319
1.6008,-3.36977473746022e-319
1.601801,-3.22862018244338e-319
1.602801,-3.09981726857256e-319
1.603802,-2.97269417789761e-319
1.604802,-2.85772510211035e-319
1.605803,-2.74537457424605e-319
1.606803,-2.64364645776734e-319
1.607804,-2.54018911152818e-319
1.608804,-2.45135610840593e-319
1.609805,-2.35797770134193e-319
1.610805,-2.27670390260105e-319
1.611806,1.67050511777967e-318
1.612806,1.5918548076182e-318
1.613807,1.51798211225202e-318
1.614807,1.4480817046784e-318
1.615808,1.38216840686672e-318
1.616808,1.3194319511578e-318
1.617809,1.2602330054731e-318
1.618809,-4.55572991373755e-319
1.61981,-7.14730185243322e-319
1.62081,-6.79903497867973e-319
1.621811,-6.46870268787027e-319
1.622811,-6.15684845221528e-319
1.623812,-5.86016203188761e-319
1.624812,-5.58536271967071e-319
1.625813,-5.3236561470686e-319
1.626813,-5.07652451101881e-319
1.627814,-4.84218917519631e-319
1.628814,-4.62119361181152e-319
1.629815,-4.41131452545815e-319
1.630815,-4.21274954239456e-319
1.631816,-4.02732670551034e-319
1.632816,-3.85074764368668e-319
1.633817,-3.68429692760276e-319
1.634817,-3.53029666579404e-319
1.635818,-3.37787741405202e-319
1.636818,-3.23677226559976e-319
1.637819,-3.10712944013102e-319
1.638819,-2.97961109693939e-319
1.63982,-2.86395032924795e-319
1.64082,-2.75150098825449e-319
1.641821,-2.65115625558413e-319
1.642821,-2.54695781087621e-319
1.643822,-2.45614854517059e-319
1.644822,-2.36395589565661e-319
1.645823,-2.28322556912615e-319
1.646823,1.67531731717017e-318
1.647824,1.59652866862786e-318
1.648824,1.5223447119048e-318
1.649825,1.45217750888243e-318
1.650825,1.38608140678178e-318
1.651826,1.32314238415807e-318
1.652826,1.26379521877962e-318
1.653827,-1.90531475662218e-319
1.654827,-7.16879370802732e-319
1.655828,-6.82146555900092e-319
1.656828,-6.48807006118725e-319
1.657829,-6.1748324417239e-319
1.658829,-5.87794839513789e-319
1.65983,-5.60137044659596e-319
1.66083,-5.33892277552509e-319
1.661831,-5.09080300818362e-319
1.662831,-4.85636885923195e-319
1.663832,-4.63458279081381e-319
1.664832,-4.42406141912086e-319
1.665833,-4.22460711789475e-319
1.666833,-4.03839377597718e-319
1.667834,-3.86097480255559e-319
1.668834,-3.69407942739042e-319
1.669835,-3.53899222116085e-319
1.670835,-3.38686940880633e-319
1.671836,-3.24433146998113e-319
1.672836,-3.11508389702906e-319
1.673837,-2.98712089475618e-319
1.674837,-2.8712625008064e-319
1.675838,-2.75851672042543e-319
1.676838,-2.65580047265504e-319
1.677839,-2.55209609359296e-319
1.678839,-2.46039750972482e-319
1.67984,-2.36934121119628e-319
1.68084,-2.2871286877283e-319
1.681841,1.6800060001492e-318
1.682841,1.60137545261357e-318
1.683842,1.52673201483987e-318
1.684842,1.45635730424624e-318
1.685843,1.38992523750643e-318
1.686843,1.32694668963104e-318
1.687844,1.26738707602488e-318
1.688844,3.27758208794625e-319
1.689845,-7.19053259644433e-319
1.690845,-6.84152462422208e-319
1.691846,-6.50768446732715e-319
1.692846,-6.1935081231367e-319
1.693847,-5.8956853518236e-319
1.694847,-5.61787223916706e-319
1.695848,-5.35438703023993e-319
1.696848,-5.10537794473594e-319
1.697849,-4.869906257928e-319
1.698849,-4.64718146478276e-319
1.69985,-4.43621543400855e-319
1.70085,-4.2365635065241e-319
1.701851,-4.04822568232942e-319
1.702851,-3.87219009271619e-319
1.703852,-3.70509709129268e-319
1.704852,-3.54813243560891e-319
1.705853,-3.39546615104397e-319
1.706853,-3.25302702534794e-319
1.707854,-3.12269250797501e-319
1.708854,-2.99537179104173e-319
1.709855,-2.87926636426903e-319
1.710855,-2.76543363946721e-319
1.711856,-2.66158104071138e-319
1.712856,-2.55930945202224e-319
1.713857,-2.46721561563743e-319
1.714857,-2.37349136262135e-319
1.715858,-2.29152587197629e-319
1.716858,1.68468480181532e-318
1.717859,1.60603449165385e-318
1.718859,1.53126753746869e-318
1.71986,1.46051239632777e-318
1.72086,1.39386294070378e-318
1.721861,1.33078063904277e-318
1.722861,1.27105798377348e-318
1.723862,1.21464062767487e-318
1.724862,-7.21325961615303e-319
1.725863,-6.86232478791199e-319
1.726863,-6.52720006033788e-319
1.727864,-6.21173914546824e-319
1.728864,-5.9146574726239e-319
1.729865,-5.6345716579965e-319
1.730865,-5.36995009808392e-319
1.731866,-5.11995288128825e-319
1.732866,-4.88369068944697e-319
1.733867,-4.65997776501005e-319
1.734867,-4.44866588828375e-319
1.735868,-4.24802582950762e-319
1.736868,-4.0585516543275e-319
1.737869,-3.88217021876218e-319
1.738869,-3.71744873243871e-319
1.73987,-3.55816196821949e-319
1.74087,-3.4040628932816e-319
1.741871,-3.26192020697308e-319
1.742871,-3.13049874517931e-319
1.743872,-3.00238752321267e-319
1.744872,-2.88677616208582e-319
1.745873,-2.77052251561937e-319
1.746873,-2.66755923502606e-319
1.747874,-2.5641018887869e-319
1.748874,-2.47116814080416e-319
1.749875,-2.37912371098394e-319
1.750875,-2.29607127591803e-319
1.751876,1.68896835096476e-318
1.752876,1.61075281857163e-318
1.753877,1.53583764469272e-318
1.754877,1.46480088613367e-318
1.755878,1.39773641536718e-318
1.756878,1.33468869830138e-318
1.757879,1.27454608723312e-318
1.758879,1.21792616421972e-318
1.75988,-7.23613485555548e-319
1.76088,-6.88277910564982e-319
1.761881,-6.54725912555903e-319
1.762881,-6.23026660718729e-319
1.763882,-5.93343196716587e-319
1.764882,-5.6507276046155e-319
1.765883,-5.38546375936334e-319
1.766883,-5.13447841127599e-319
1.767884,-4.89742571440136e-319
1.768884,-4.67376219652902e-319
1.769885,-4.46081990317145e-319
1.770885,-4.25983399844323e-319
1.771886,-4.07031041669853e-319
1.772886,-3.89249619076026e-319
1.773887,-3.72787351756596e-319
1.774887,-3.56680811702171e-319
1.775888,-3.41246200926091e-319
1.776888,-3.272740244617e-319
1.777889,-3.13786032330234e-319
1.778889,-3.00955147507737e-319
1.77989,-2.89310020235259e-319
1.78089,-2.77684655588614e-319
1.781891,-2.6733398030824e-319
1.782891,-2.57101880782868e-319
1.783892,-2.47773921389385e-319
1.784892,-2.38604063002572e-319
1.785893,-2.30106133894102e-319
1.786893,1.69239222589044e-318
1.787894,1.61555019599275e-318
1.788894,1.54032870141342e-318
1.789895,1.46918818906874e-318
1.790895,1.40188162613579e-318
1.791896,1.33852264771311e-318
1.792896,1.2781132411961e-318
1.793897,1.22129075126789e-318
1.794897,-7.25935594091002e-319
1.795898,-6.90377689559807e-319
1.796898,-6.56766403673227e-319
1.797899,-6.24839881638966e-319
1.798899,-5.95141595667449e-319
1.7999,-5.66777286939703e-319
1.8009,-5.40137267315943e-319
1.801901,-5.14974503973248e-319
1.802901,-4.91170421156617e-319
1.803902,-4.68621265080422e-319
1.804902,-4.47351739026957e-319
1.805903,-4.27198801333092e-319
1.806903,-4.0809822346487e-319
1.807904,-3.90316800871043e-319
1.808904,-3.73731017140153e-319
1.809905,-3.57609655116353e-319
1.810905,-3.42239272874231e-319
1.811906,-3.28341206256717e-319
1.812906,-3.1457653736358e-319
1.813907,-3.01720949258791e-319
1.814907,-2.90031356078187e-319
1.815908,-2.78405991431542e-319
1.816908,-2.68030612868876e-319
1.817909,-2.57526777238291e-319
1.818909,-2.48317393599811e-319
1.81991,-2.39221645059873e-319
1.82091,-2.3058043691411e-319
1.821911,1.6943684884738e-318
1.822911,1.62046614916887e-318
1.823912,1.54472588566141e-318
1.824912,1.47337786574547e-318
1.825913,1.40589837983648e-318
1.826913,1.34228248727796e-318
1.827914,1.28163592925094e-318
1.828914,1.22484802391795e-318
1.829915,-7.27936559956659e-319
1.830915,-6.9242312133359e-319
1.831916,-6.58945233171387e-319
1.832916,-6.26746975031913e-319
1.833917,-5.96836240832684e-319
1.834917,-5.68531219982439e-319
1.835918,-5.41693574100343e-319
1.836918,-5.16422116315563e-319
1.837919,-4.92548864308514e-319
1.838919,-4.69940420354818e-319
1.83992,-4.48601725110935e-319
1.84092,-4.28369736913736e-319
1.841921,-4.09209871168012e-319
1.842921,-3.91467973825853e-319
1.843922,-3.74664801210792e-319
1.844922,-3.58578023782202e-319
1.845923,-3.43143413006121e-319
1.846923,-3.2911194866423e-319
1.847924,-3.1541644896151e-319
1.848924,-3.02452166414636e-319
1.849925,-2.90609412883821e-319
1.850925,-2.79072980053428e-319
1.851926,-2.68583966392218e-319
1.852926,-2.58169062577885e-319
1.853927,-2.48806518589193e-319
1.854927,-2.40056616001345e-319
1.855928,-2.31059680590576e-319
1.856928,1.69360762737921e-318
1.857929,1.62533763643687e-318
1.858929,1.54925152697731e-318
1.85993,1.47755272045283e-318
1.86093,1.40990525222425e-318
1.861931,1.3460077422476e-318
1.862931,1.28526237109142e-318
1.863932,1.22823731424842e-318
1.864932,-7.29902941227107e-319
1.865933,-6.94567366236541e-319
1.866933,-6.6096102100642e-319
1.867934,-6.28604661860276e-319
1.868934,-5.98674165035214e-319
1.869935,-5.70369144184969e-319
1.870935,-5.4328940613641e-319
1.871936,-5.17874669314336e-319
1.872936,-4.93966832712078e-319
1.873937,-4.71289219567965e-319
1.874937,-4.4983194856908e-319
1.875938,-4.29545613150838e-319
1.876938,-4.10380806748656e-319
1.877939,-3.92564799559621e-319
1.878939,-3.75717161036434e-319
1.87994,-3.5954639244805e-319
1.88094,-3.44116722328428e-319
1.881941,-3.29902453697576e-319
1.882941,-3.16246479246524e-319
1.883942,-3.03237730791523e-319
1.884942,-2.91345570696125e-319
1.885943,-2.79858544430316e-319
1.886943,-2.6920154844952e-319
1.887944,-2.58727356757686e-319
1.888944,-2.49359872112536e-319
1.889945,-2.40535859677811e-319
1.890945,-2.31662440678502e-319
1.891946,1.68779247472766e-318
1.892946,1.63014983582736e-318
1.893947,1.55378210894968e-318
1.894947,1.48184615091519e-318
1.895948,1.41385283673452e-318
1.896948,1.34986639494162e-318
1.897949,1.28892833818356e-318
1.898949,1.2316019012966e-318
1.89995,-7.31434544729215e-319
1.90095,-6.96677026544283e-319
1.901951,-6.62971868184994e-319
1.902951,-6.30511755253224e-319
1.903952,-6.00363869543991e-319
1.904952,-5.72132958540622e-319
1.905953,-5.4484571292081e-319
1.906953,-5.19421094785819e-319
1.907954,-4.9542432636731e-319
1.908954,-4.72603434185903e-319
1.909955,-4.51121459904725e-319
1.910955,-4.30751133326691e-319
1.911956,-4.11522098390549e-319
1.912956,-3.9378020104839e-319
1.913957,-3.76660826419991e-319
1.914957,-3.60475235862232e-319
1.915958,-3.45020862460318e-319
1.916958,-3.30692958730922e-319
1.917959,-3.17007340341119e-319
1.918959,-3.04072701732995e-319
1.91996,-2.9210643179072e-319
1.92096,-2.80550236334493e-319
1.921961,-2.69868537071406e-319
1.922961,-2.59453633257072e-319
1.923962,-2.49942869574628e-319
1.924962,-2.41029925323652e-319
1.925963,-2.32378835864972e-319
1.926963,1.67163158745219e-318
1.927964,1.63492250996619e-318
1.928964,1.55848561389809e-318
1.929965,1.48613464072109e-318
1.930965,1.41793381896917e-318
1.931966,1.35367564107106e-318
1.932966,1.29270299971779e-318
1.933967,1.2349763696577e-318
1.934967,-7.32432557333814e-319
1.935968,-6.98845974729526e-319
1.936968,-6.64928368142525e-319
1.937969,-6.32379323394504e-319
1.938969,-6.02226497028812e-319
1.93997,-5.7378807845419e-319
1.94097,-5.46579883337713e-319
1.941971,-5.20878588441051e-319
1.942971,-4.96778066236915e-319
1.943972,-4.73962114711966e-319
1.944972,-4.52336861393495e-319
1.945973,-4.31931950220251e-319
1.946973,-4.12697974627652e-319
1.947974,-3.94916552033825e-319
1.948974,-3.77634135742298e-319
1.949975,-3.61369494681205e-319
1.950975,-3.45944765218041e-319
1.951976,-3.31557573611144e-319
1.952976,-3.17728676184047e-319
1.953977,-3.05001545147177e-319
1.954977,-2.92768479756147e-319
1.955978,-2.81143115109503e-319
1.956978,-2.70416949938289e-319
1.957979,-2.60150265817708e-319
1.958979,-2.5046657915922e-319
1.95998,-2.41642566724495e-319
1.96098,-2.32724681817061e-319
1.961981,1.63654304528455e-318
1.962981,1.63985822576814e-318
1.963982,1.56291244208482e-318
1.964982,1.4906009941595e-318
1.965983,1.42207408908132e-318
1.966983,1.35768251345883e-318
1.967984,1.2962059251468e-318
1.968984,1.23841012589629e-318
1.969985,-7.32180583854435e-319
1.970985,-7.01069270135812e-319
1.971986,-6.66963918603391e-319
1.972986,-6.34459339763495e-319
1.973987,-6.03931023506965e-319
1.974987,-5.75551892809843e-319
1.975988,-5.48338757036907e-319
1.976988,-5.22474420477118e-319
1.977989,-4.98196034640479e-319
1.978989,-4.75330676550946e-319
1.97999,-4.53621432072682e-319
1.98099,-4.33167114334854e-319
1.981991,-4.13908435459963e-319
1.982991,-3.95993615141759e-319
1.983992,-3.78701317537315e-319
1.984992,-3.62313160064761e-319
1.985993,-3.46853846006389e-319
1.986993,-3.32422188491366e-319
1.987994,-3.18524121873852e-319
1.988994,-3.05836516088648e-319
1.989995,-2.93524400194285e-319
1.990995,-2.81839747670139e-319
1.991996,-2.71039472652049e-319
1.992996,-2.60802432470219e-319
1.993997,-2.51010051369645e-319
1.994997,-2.42047700554085e-319
1.995998,-2.33208866149985e-319
1.996998,1.56373753171338e-318
1.997999,1.64474453500551e-318
1.998999,1.56751219324761e-318
2,1.49487960265248e-318
